weather_feature,all_values,count
Temperature(F),-89.0,10
Temperature(F),-77.8,11
Temperature(F),-58.0,1
Temperature(F),-50.0,1
Temperature(F),-45.0,1
Temperature(F),-44.0,1
Temperature(F),-40.0,2
Temperature(F),-38.0,3
Temperature(F),-37.0,5
Temperature(F),-36.0,4
Temperature(F),-35.0,113
Temperature(F),-33.0,2
Temperature(F),-32.8,1
Temperature(F),-32.0,2
Temperature(F),-31.0,4
Temperature(F),-30.0,5
Temperature(F),-29.9,1
Temperature(F),-29.0,8
Temperature(F),-28.0,6
Temperature(F),-27.9,12
Temperature(F),-27.4,3
Temperature(F),-27.0,25
Temperature(F),-26.5,6
Temperature(F),-26.0,47
Temperature(F),-25.6,4
Temperature(F),-25.1,11
Temperature(F),-25.0,9
Temperature(F),-24.9,1
Temperature(F),-24.5,1
Temperature(F),-24.2,1
Temperature(F),-24.0,37
Temperature(F),-23.8,13
Temperature(F),-23.4,1
Temperature(F),-23.3,1
Temperature(F),-23.1,51
Temperature(F),-23.0,13
Temperature(F),-22.4,2
Temperature(F),-22.0,66
Temperature(F),-21.5,1
Temperature(F),-21.3,2
Temperature(F),-21.1,3
Temperature(F),-21.0,27
Temperature(F),-20.9,37
Temperature(F),-20.2,30
Temperature(F),-20.0,135
Temperature(F),-19.3,3
Temperature(F),-19.0,54
Temperature(F),-18.9,47
Temperature(F),-18.4,13
Temperature(F),-18.2,2
Temperature(F),-18.0,131
Temperature(F),-17.9,1
Temperature(F),-17.0,192
Temperature(F),-16.8,1
Temperature(F),-16.6,24
Temperature(F),-16.2,1
Temperature(F),-16.1,32
Temperature(F),-16.0,69
Temperature(F),-15.9,4
Temperature(F),-15.3,2
Temperature(F),-15.2,4
Temperature(F),-15.0,300
Temperature(F),-14.8,36
Temperature(F),-14.4,2
Temperature(F),-14.1,65
Temperature(F),-14.0,284
Temperature(F),-13.9,4
Temperature(F),-13.5,2
Temperature(F),-13.4,4
Temperature(F),-13.2,1
Temperature(F),-13.0,548
Temperature(F),-12.8,2
Temperature(F),-12.6,1
Temperature(F),-12.5,5
Temperature(F),-12.3,4
Temperature(F),-12.1,1
Temperature(F),-12.0,314
Temperature(F),-11.9,115
Temperature(F),-11.7,3
Temperature(F),-11.6,5
Temperature(F),-11.4,5
Temperature(F),-11.2,47
Temperature(F),-11.0,756
Temperature(F),-10.8,4
Temperature(F),-10.7,5
Temperature(F),-10.5,2
Temperature(F),-10.3,5
Temperature(F),-10.1,3
Temperature(F),-10.0,443
Temperature(F),-9.9,211
Temperature(F),-9.8,1
Temperature(F),-9.6,4
Temperature(F),-9.4,59
Temperature(F),-9.2,1
Temperature(F),-9.0,1275
Temperature(F),-8.9,6
Temperature(F),-8.7,3
Temperature(F),-8.5,7
Temperature(F),-8.3,2
Temperature(F),-8.1,5
Temperature(F),-8.0,1045
Temperature(F),-7.8,4
Temperature(F),-7.6,75
Temperature(F),-7.4,3
Temperature(F),-7.2,11
Temperature(F),-7.1,177
Temperature(F),-7.0,705
Temperature(F),-6.9,4
Temperature(F),-6.7,7
Temperature(F),-6.5,2
Temperature(F),-6.3,3
Temperature(F),-6.2,7
Temperature(F),-6.0,1619
Temperature(F),-5.8,112
Temperature(F),-5.6,4
Temperature(F),-5.4,1
Temperature(F),-5.3,7
Temperature(F),-5.1,239
Temperature(F),-5.0,967
Temperature(F),-4.9,10
Temperature(F),-4.7,3
Temperature(F),-4.5,5
Temperature(F),-4.4,8
Temperature(F),-4.2,11
Temperature(F),-4.0,1845
Temperature(F),-3.8,2
Temperature(F),-3.6,4
Temperature(F),-3.5,13
Temperature(F),-3.3,2
Temperature(F),-3.1,9
Temperature(F),-3.0,1432
Temperature(F),-2.9,364
Temperature(F),-2.7,8
Temperature(F),-2.6,17
Temperature(F),-2.4,13
Temperature(F),-2.2,164
Temperature(F),-2.0,2587
Temperature(F),-1.8,8
Temperature(F),-1.7,10
Temperature(F),-1.5,13
Temperature(F),-1.3,11
Temperature(F),-1.1,7
Temperature(F),-1.0,1343
Temperature(F),-0.9,493
Temperature(F),-0.8,16
Temperature(F),-0.6,10
Temperature(F),-0.4,226
Temperature(F),-0.2,12
Temperature(F),-0.0,2775
Temperature(F),0.1,10
Temperature(F),0.3,13
Temperature(F),0.5,21
Temperature(F),0.7,7
Temperature(F),0.9,16
Temperature(F),1.0,2977
Temperature(F),1.2,20
Temperature(F),1.4,267
Temperature(F),1.6,1
Temperature(F),1.8,11
Temperature(F),1.9,812
Temperature(F),2.0,1685
Temperature(F),2.1,10
Temperature(F),2.3,16
Temperature(F),2.5,10
Temperature(F),2.7,12
Temperature(F),2.8,27
Temperature(F),3.0,3301
Temperature(F),3.2,317
Temperature(F),3.4,13
Temperature(F),3.6,13
Temperature(F),3.7,22
Temperature(F),3.9,838
Temperature(F),4.0,1691
Temperature(F),4.1,42
Temperature(F),4.3,12
Temperature(F),4.5,15
Temperature(F),4.6,29
Temperature(F),4.8,23
Temperature(F),5.0,3675
Temperature(F),5.2,7
Temperature(F),5.4,24
Temperature(F),5.5,20
Temperature(F),5.7,33
Temperature(F),5.9,63
Temperature(F),6.0,2022
Temperature(F),6.1,1008
Temperature(F),6.3,20
Temperature(F),6.4,25
Temperature(F),6.6,31
Temperature(F),6.8,386
Temperature(F),7.0,4414
Temperature(F),7.2,23
Temperature(F),7.3,26
Temperature(F),7.5,26
Temperature(F),7.7,38
Temperature(F),7.9,24
Temperature(F),8.0,2718
Temperature(F),8.1,1262
Temperature(F),8.2,32
Temperature(F),8.4,42
Temperature(F),8.6,609
Temperature(F),8.8,18
Temperature(F),9.0,5592
Temperature(F),9.1,22
Temperature(F),9.3,35
Temperature(F),9.5,66
Temperature(F),9.7,22
Temperature(F),9.9,34
Temperature(F),10.0,5939
Temperature(F),10.2,40
Temperature(F),10.4,591
Temperature(F),10.6,26
Temperature(F),10.8,42
Temperature(F),10.9,1717
Temperature(F),11.0,3187
Temperature(F),11.1,44
Temperature(F),11.3,83
Temperature(F),11.5,39
Temperature(F),11.7,41
Temperature(F),11.8,57
Temperature(F),12.0,6843
Temperature(F),12.2,692
Temperature(F),12.4,50
Temperature(F),12.6,50
Temperature(F),12.7,68
Temperature(F),12.9,2000
Temperature(F),13.0,3793
Temperature(F),13.1,110
Temperature(F),13.3,38
Temperature(F),13.5,39
Temperature(F),13.6,67
Temperature(F),13.8,63
Temperature(F),14.0,8751
Temperature(F),14.2,45
Temperature(F),14.4,56
Temperature(F),14.5,66
Temperature(F),14.7,74
Temperature(F),14.9,84
Temperature(F),15.0,5039
Temperature(F),15.1,2326
Temperature(F),15.3,53
Temperature(F),15.4,90
Temperature(F),15.6,109
Temperature(F),15.8,905
Temperature(F),16.0,10193
Temperature(F),16.2,67
Temperature(F),16.3,79
Temperature(F),16.5,89
Temperature(F),16.7,120
Temperature(F),16.9,51
Temperature(F),17.0,5948
Temperature(F),17.1,2996
Temperature(F),17.2,81
Temperature(F),17.4,120
Temperature(F),17.6,1371
Temperature(F),17.8,63
Temperature(F),18.0,13833
Temperature(F),18.1,104
Temperature(F),18.3,84
Temperature(F),18.5,176
Temperature(F),18.7,97
Temperature(F),18.9,82
Temperature(F),19.0,16115
Temperature(F),19.2,101
Temperature(F),19.4,1674
Temperature(F),19.6,62
Temperature(F),19.8,97
Temperature(F),19.9,4485
Temperature(F),20.0,9263
Temperature(F),20.1,114
Temperature(F),20.3,189
Temperature(F),20.5,90
Temperature(F),20.7,105
Temperature(F),20.8,131
Temperature(F),21.0,18184
Temperature(F),21.2,2011
Temperature(F),21.4,89
Temperature(F),21.6,99
Temperature(F),21.7,128
Temperature(F),21.9,5009
Temperature(F),22.0,11404
Temperature(F),22.1,185
Temperature(F),22.3,80
Temperature(F),22.5,108
Temperature(F),22.6,179
Temperature(F),22.8,154
Temperature(F),23.0,23428
Temperature(F),23.2,79
Temperature(F),23.4,155
Temperature(F),23.5,183
Temperature(F),23.7,163
Temperature(F),23.9,260
Temperature(F),24.0,15359
Temperature(F),24.1,6274
Temperature(F),24.3,174
Temperature(F),24.4,190
Temperature(F),24.6,190
Temperature(F),24.8,2447
Temperature(F),25.0,28983
Temperature(F),25.2,172
Temperature(F),25.3,230
Temperature(F),25.5,185
Temperature(F),25.7,283
Temperature(F),25.9,102
Temperature(F),26.0,18683
Temperature(F),26.1,7588
Temperature(F),26.2,190
Temperature(F),26.4,245
Temperature(F),26.6,3347
Temperature(F),26.8,117
Temperature(F),27.0,37591
Temperature(F),27.1,250
Temperature(F),27.3,234
Temperature(F),27.5,417
Temperature(F),27.7,166
Temperature(F),27.9,232
Temperature(F),28.0,43555
Temperature(F),28.2,245
Temperature(F),28.4,4180
Temperature(F),28.6,165
Temperature(F),28.8,248
Temperature(F),28.9,10304
Temperature(F),29.0,25846
Temperature(F),29.1,253
Temperature(F),29.3,372
Temperature(F),29.5,158
Temperature(F),29.7,255
Temperature(F),29.8,284
Temperature(F),30.0,53974
Temperature(F),30.2,4790
Temperature(F),30.4,147
Temperature(F),30.6,255
Temperature(F),30.7,311
Temperature(F),30.9,11753
Temperature(F),31.0,31115
Temperature(F),31.1,450
Temperature(F),31.3,152
Temperature(F),31.5,247
Temperature(F),31.6,299
Temperature(F),31.8,337
Temperature(F),32.0,72796
Temperature(F),32.2,363
Temperature(F),32.4,321
Temperature(F),32.5,368
Temperature(F),32.7,188
Temperature(F),32.9,525
Temperature(F),33.0,36699
Temperature(F),33.1,14039
Temperature(F),33.3,360
Temperature(F),33.4,298
Temperature(F),33.6,211
Temperature(F),33.8,5636
Temperature(F),34.0,61907
Temperature(F),34.2,298
Temperature(F),34.3,246
Temperature(F),34.5,198
Temperature(F),34.7,417
Temperature(F),34.9,315
Temperature(F),35.0,33145
Temperature(F),35.1,13062
Temperature(F),35.2,305
Temperature(F),35.4,239
Temperature(F),35.6,6125
Temperature(F),35.8,309
Temperature(F),36.0,62154
Temperature(F),36.1,267
Temperature(F),36.3,225
Temperature(F),36.5,417
Temperature(F),36.7,329
Temperature(F),36.9,324
Temperature(F),37.0,66892
Temperature(F),37.2,214
Temperature(F),37.4,6824
Temperature(F),37.6,304
Temperature(F),37.8,305
Temperature(F),37.9,14677
Temperature(F),38.0,37787
Temperature(F),38.1,224
Temperature(F),38.3,453
Temperature(F),38.5,354
Temperature(F),38.7,330
Temperature(F),38.8,261
Temperature(F),39.0,67168
Temperature(F),39.2,5987
Temperature(F),39.4,367
Temperature(F),39.6,335
Temperature(F),39.7,289
Temperature(F),39.9,15252
Temperature(F),40.0,41912
Temperature(F),40.1,414
Temperature(F),40.3,351
Temperature(F),40.5,320
Temperature(F),40.6,342
Temperature(F),40.8,224
Temperature(F),41.0,80997
Temperature(F),41.2,374
Temperature(F),41.4,331
Temperature(F),41.5,331
Temperature(F),41.7,259
Temperature(F),41.9,449
Temperature(F),42.0,46184
Temperature(F),42.1,17105
Temperature(F),42.3,348
Temperature(F),42.4,359
Temperature(F),42.6,262
Temperature(F),42.8,7890
Temperature(F),43.0,83239
Temperature(F),43.2,343
Temperature(F),43.3,309
Temperature(F),43.5,282
Temperature(F),43.7,528
Temperature(F),43.9,391
Temperature(F),44.0,50464
Temperature(F),44.1,18062
Temperature(F),44.2,354
Temperature(F),44.4,310
Temperature(F),44.6,9050
Temperature(F),44.8,388
Temperature(F),45.0,93998
Temperature(F),45.1,371
Temperature(F),45.3,289
Temperature(F),45.5,515
Temperature(F),45.7,346
Temperature(F),45.9,367
Temperature(F),46.0,95131
Temperature(F),46.2,272
Temperature(F),46.4,9726
Temperature(F),46.6,383
Temperature(F),46.8,313
Temperature(F),46.9,20101
Temperature(F),47.0,59488
Temperature(F),47.1,307
Temperature(F),47.3,474
Temperature(F),47.5,380
Temperature(F),47.7,336
Temperature(F),47.8,375
Temperature(F),48.0,100146
Temperature(F),48.2,9434
Temperature(F),48.4,401
Temperature(F),48.6,349
Temperature(F),48.7,307
Temperature(F),48.9,21019
Temperature(F),49.0,61152
Temperature(F),49.1,482
Temperature(F),49.3,392
Temperature(F),49.5,380
Temperature(F),49.6,343
Temperature(F),49.8,256
Temperature(F),50.0,132335
Temperature(F),50.2,412
Temperature(F),50.4,376
Temperature(F),50.5,382
Temperature(F),50.7,268
Temperature(F),50.9,488
Temperature(F),51.0,66673
Temperature(F),51.1,23165
Temperature(F),51.3,376
Temperature(F),51.4,367
Temperature(F),51.6,307
Temperature(F),51.8,11516
Temperature(F),52.0,116664
Temperature(F),52.2,411
Temperature(F),52.3,366
Temperature(F),52.5,308
Temperature(F),52.7,474
Temperature(F),52.9,457
Temperature(F),53.0,73827
Temperature(F),53.1,25494
Temperature(F),53.2,334
Temperature(F),53.4,340
Temperature(F),53.6,14585
Temperature(F),53.8,407
Temperature(F),54.0,129882
Temperature(F),54.1,363
Temperature(F),54.3,312
Temperature(F),54.5,531
Temperature(F),54.7,384
Temperature(F),54.9,409
Temperature(F),55.0,125909
Temperature(F),55.2,295
Temperature(F),55.4,15360
Temperature(F),55.6,422
Temperature(F),55.8,441
Temperature(F),55.9,29102
Temperature(F),56.0,76945
Temperature(F),56.1,324
Temperature(F),56.3,536
Temperature(F),56.5,430
Temperature(F),56.7,447
Temperature(F),56.8,418
Temperature(F),57.0,134818
Temperature(F),57.2,14279
Temperature(F),57.4,456
Temperature(F),57.6,416
Temperature(F),57.7,343
Temperature(F),57.9,30261
Temperature(F),58.0,79400
Temperature(F),58.1,544
Temperature(F),58.3,437
Temperature(F),58.5,385
Temperature(F),58.6,356
Temperature(F),58.8,318
Temperature(F),59.0,149017
Temperature(F),59.2,447
Temperature(F),59.4,410
Temperature(F),59.5,401
Temperature(F),59.7,319
Temperature(F),59.9,521
Temperature(F),60.0,81313
Temperature(F),60.1,31882
Temperature(F),60.3,445
Temperature(F),60.4,349
Temperature(F),60.6,324
Temperature(F),60.8,13780
Temperature(F),61.0,140366
Temperature(F),61.2,417
Temperature(F),61.3,400
Temperature(F),61.5,333
Temperature(F),61.7,551
Temperature(F),61.9,456
Temperature(F),62.0,82609
Temperature(F),62.1,32069
Temperature(F),62.2,413
Temperature(F),62.4,309
Temperature(F),62.6,16598
Temperature(F),62.8,455
Temperature(F),63.0,149787
Temperature(F),63.1,395
Temperature(F),63.3,349
Temperature(F),63.5,540
Temperature(F),63.7,421
Temperature(F),63.9,462
Temperature(F),64.0,148466
Temperature(F),64.2,333
Temperature(F),64.4,16106
Temperature(F),64.6,456
Temperature(F),64.8,468
Temperature(F),64.9,32703
Temperature(F),65.0,88196
Temperature(F),65.1,375
Temperature(F),65.3,554
Temperature(F),65.5,503
Temperature(F),65.7,468
Temperature(F),65.8,446
Temperature(F),66.0,144854
Temperature(F),66.2,14912
Temperature(F),66.4,459
Temperature(F),66.6,410
Temperature(F),66.7,404
Temperature(F),66.9,32887
Temperature(F),67.0,90551
Temperature(F),67.1,605
Temperature(F),67.3,487
Temperature(F),67.5,513
Temperature(F),67.6,433
Temperature(F),67.8,362
Temperature(F),68.0,163767
Temperature(F),68.2,539
Temperature(F),68.4,522
Temperature(F),68.5,436
Temperature(F),68.7,403
Temperature(F),68.9,687
Temperature(F),69.0,92772
Temperature(F),69.1,32666
Temperature(F),69.3,491
Temperature(F),69.4,485
Temperature(F),69.6,376
Temperature(F),69.8,15075
Temperature(F),70.0,155568
Temperature(F),70.2,514
Temperature(F),70.3,511
Temperature(F),70.5,442
Temperature(F),70.7,674
Temperature(F),70.9,536
Temperature(F),71.0,95006
Temperature(F),71.1,33764
Temperature(F),71.2,488
Temperature(F),71.4,401
Temperature(F),71.6,19046
Temperature(F),71.8,533
Temperature(F),72.0,160498
Temperature(F),72.1,457
Temperature(F),72.3,362
Temperature(F),72.5,674
Temperature(F),72.7,535
Temperature(F),72.9,461
Temperature(F),73.0,170898
Temperature(F),73.2,428
Temperature(F),73.4,18460
Temperature(F),73.6,563
Temperature(F),73.8,481
Temperature(F),73.9,35306
Temperature(F),74.0,99828
Temperature(F),74.1,437
Temperature(F),74.3,627
Temperature(F),74.5,503
Temperature(F),74.7,483
Temperature(F),74.8,463
Temperature(F),75.0,158448
Temperature(F),75.2,16350
Temperature(F),75.4,521
Temperature(F),75.6,456
Temperature(F),75.7,447
Temperature(F),75.9,34079
Temperature(F),76.0,99380
Temperature(F),76.1,586
Temperature(F),76.3,489
Temperature(F),76.5,495
Temperature(F),76.6,414
Temperature(F),76.8,358
Temperature(F),77.0,170991
Temperature(F),77.2,479
Temperature(F),77.4,466
Temperature(F),77.5,425
Temperature(F),77.7,367
Temperature(F),77.9,562
Temperature(F),78.0,94044
Temperature(F),78.1,31414
Temperature(F),78.3,431
Temperature(F),78.4,394
Temperature(F),78.6,336
Temperature(F),78.8,13716
Temperature(F),79.0,147140
Temperature(F),79.2,426
Temperature(F),79.3,383
Temperature(F),79.5,332
Temperature(F),79.7,485
Temperature(F),79.9,480
Temperature(F),80.0,88678
Temperature(F),80.1,29707
Temperature(F),80.2,355
Temperature(F),80.4,373
Temperature(F),80.6,14719
Temperature(F),80.8,391
Temperature(F),81.0,132517
Temperature(F),81.1,385
Temperature(F),81.3,343
Temperature(F),81.5,498
Temperature(F),81.7,353
Temperature(F),81.9,355
Temperature(F),82.0,126838
Temperature(F),82.2,293
Temperature(F),82.4,13262
Temperature(F),82.6,378
Temperature(F),82.8,373
Temperature(F),82.9,24592
Temperature(F),83.0,74755
Temperature(F),83.1,293
Temperature(F),83.3,405
Temperature(F),83.5,384
Temperature(F),83.7,327
Temperature(F),83.8,318
Temperature(F),84.0,105573
Temperature(F),84.2,10719
Temperature(F),84.4,295
Temperature(F),84.6,302
Temperature(F),84.7,300
Temperature(F),84.9,20620
Temperature(F),85.0,63754
Temperature(F),85.1,341
Temperature(F),85.3,312
Temperature(F),85.5,263
Temperature(F),85.6,284
Temperature(F),85.8,266
Temperature(F),86.0,101392
Temperature(F),86.2,293
Temperature(F),86.4,264
Temperature(F),86.5,258
Temperature(F),86.7,235
Temperature(F),86.9,317
Temperature(F),87.0,53605
Temperature(F),87.1,17763
Temperature(F),87.3,255
Temperature(F),87.4,223
Temperature(F),87.6,231
Temperature(F),87.8,7709
Temperature(F),88.0,80877
Temperature(F),88.2,228
Temperature(F),88.3,212
Temperature(F),88.5,186
Temperature(F),88.7,281
Temperature(F),88.9,236
Temperature(F),89.0,44781
Temperature(F),89.1,14514
Temperature(F),89.2,174
Temperature(F),89.4,206
Temperature(F),89.6,7762
Temperature(F),89.8,226
Temperature(F),90.0,63191
Temperature(F),90.1,201
Temperature(F),90.3,158
Temperature(F),90.5,197
Temperature(F),90.7,214
Temperature(F),90.9,159
Temperature(F),91.0,52905
Temperature(F),91.2,150
Temperature(F),91.4,5777
Temperature(F),91.6,151
Temperature(F),91.8,151
Temperature(F),91.9,9281
Temperature(F),92.0,25174
Temperature(F),92.1,122
Temperature(F),92.3,144
Temperature(F),92.5,109
Temperature(F),92.7,116
Temperature(F),92.8,109
Temperature(F),93.0,34490
Temperature(F),93.2,4115
Temperature(F),93.4,113
Temperature(F),93.6,112
Temperature(F),93.7,80
Temperature(F),93.9,5738
Temperature(F),94.0,17020
Temperature(F),94.1,128
Temperature(F),94.3,83
Temperature(F),94.5,71
Temperature(F),94.6,95
Temperature(F),94.8,74
Temperature(F),95.0,24228
Temperature(F),95.2,55
Temperature(F),95.4,48
Temperature(F),95.5,69
Temperature(F),95.7,64
Temperature(F),95.9,62
Temperature(F),96.0,9980
Temperature(F),96.1,3041
Temperature(F),96.3,60
Temperature(F),96.4,55
Temperature(F),96.6,46
Temperature(F),96.8,1605
Temperature(F),97.0,13846
Temperature(F),97.2,57
Temperature(F),97.3,46
Temperature(F),97.5,37
Temperature(F),97.7,46
Temperature(F),97.9,52
Temperature(F),98.0,6222
Temperature(F),98.1,1899
Temperature(F),98.2,27
Temperature(F),98.4,31
Temperature(F),98.6,1342
Temperature(F),98.8,37
Temperature(F),99.0,8978
Temperature(F),99.1,25
Temperature(F),99.3,24
Temperature(F),99.5,22
Temperature(F),99.7,27
Temperature(F),99.9,35
Temperature(F),100.0,7448
Temperature(F),100.2,32
Temperature(F),100.4,944
Temperature(F),100.6,32
Temperature(F),100.8,20
Temperature(F),100.9,1054
Temperature(F),101.0,3376
Temperature(F),101.1,27
Temperature(F),101.3,25
Temperature(F),101.5,19
Temperature(F),101.7,27
Temperature(F),101.8,12
Temperature(F),102.0,4791
Temperature(F),102.2,630
Temperature(F),102.4,13
Temperature(F),102.6,19
Temperature(F),102.7,14
Temperature(F),102.9,628
Temperature(F),103.0,2183
Temperature(F),103.1,21
Temperature(F),103.3,15
Temperature(F),103.5,12
Temperature(F),103.6,20
Temperature(F),103.8,24
Temperature(F),104.0,2954
Temperature(F),104.2,10
Temperature(F),104.4,16
Temperature(F),104.5,4
Temperature(F),104.7,11
Temperature(F),104.9,12
Temperature(F),105.0,1229
Temperature(F),105.1,435
Temperature(F),105.3,15
Temperature(F),105.4,7
Temperature(F),105.6,4
Temperature(F),105.8,351
Temperature(F),106.0,1804
Temperature(F),106.2,4
Temperature(F),106.3,13
Temperature(F),106.5,2
Temperature(F),106.7,6
Temperature(F),106.9,10
Temperature(F),107.0,933
Temperature(F),107.1,261
Temperature(F),107.2,14
Temperature(F),107.4,2
Temperature(F),107.6,255
Temperature(F),107.8,5
Temperature(F),108.0,1171
Temperature(F),108.1,2
Temperature(F),108.5,7
Temperature(F),108.7,1
Temperature(F),109.0,826
Temperature(F),109.2,4
Temperature(F),109.4,117
Temperature(F),109.6,2
Temperature(F),109.8,1
Temperature(F),109.9,108
Temperature(F),110.0,367
Temperature(F),110.1,4
Temperature(F),110.3,4
Temperature(F),110.5,6
Temperature(F),110.8,1
Temperature(F),111.0,427
Temperature(F),111.2,54
Temperature(F),111.4,1
Temperature(F),111.6,2
Temperature(F),111.7,1
Temperature(F),111.9,32
Temperature(F),112.0,173
Temperature(F),112.8,1
Temperature(F),113.0,178
Temperature(F),113.4,1
Temperature(F),113.9,1
Temperature(F),114.0,60
Temperature(F),114.1,26
Temperature(F),114.8,24
Temperature(F),115.0,72
Temperature(F),116.0,8
Temperature(F),116.1,3
Temperature(F),116.6,12
Temperature(F),117.0,15
Temperature(F),118.0,5
Temperature(F),118.4,6
Temperature(F),119.0,3
Temperature(F),120.0,10
Temperature(F),122.0,5
Temperature(F),123.0,2
Temperature(F),123.8,1
Temperature(F),127.0,1
Temperature(F),127.4,2
Temperature(F),128.0,2
Temperature(F),129.2,4
Temperature(F),132.6,1
Temperature(F),132.8,1
Temperature(F),136.0,3
Temperature(F),136.4,3
Temperature(F),138.0,1
Temperature(F),140.0,13
Temperature(F),143.6,1
Temperature(F),158.0,1
Temperature(F),161.6,1
Temperature(F),162.0,2
Temperature(F),167.0,1
Temperature(F),168.8,1
Temperature(F),170.6,1
Temperature(F),172.0,2
Temperature(F),174.0,2
Temperature(F),189.0,1
Temperature(F),196.0,5
Temperature(F),203.0,1
Temperature(F),207.0,3
Humidity(%),1.0,49
Humidity(%),2.0,189
Humidity(%),3.0,670
Humidity(%),4.0,2167
Humidity(%),5.0,4113
Humidity(%),6.0,6010
Humidity(%),7.0,8072
Humidity(%),8.0,9661
Humidity(%),9.0,11116
Humidity(%),10.0,13495
Humidity(%),11.0,14861
Humidity(%),12.0,16846
Humidity(%),13.0,17225
Humidity(%),14.0,19714
Humidity(%),15.0,21422
Humidity(%),16.0,22325
Humidity(%),17.0,22852
Humidity(%),18.0,25772
Humidity(%),19.0,25906
Humidity(%),20.0,28845
Humidity(%),21.0,30229
Humidity(%),22.0,32389
Humidity(%),23.0,33541
Humidity(%),24.0,35283
Humidity(%),25.0,37793
Humidity(%),26.0,39675
Humidity(%),27.0,42665
Humidity(%),28.0,44471
Humidity(%),29.0,46553
Humidity(%),30.0,48559
Humidity(%),31.0,52986
Humidity(%),32.0,51578
Humidity(%),33.0,56046
Humidity(%),34.0,55887
Humidity(%),35.0,58920
Humidity(%),36.0,59528
Humidity(%),37.0,64814
Humidity(%),38.0,71876
Humidity(%),39.0,65912
Humidity(%),40.0,69265
Humidity(%),41.0,72912
Humidity(%),42.0,75021
Humidity(%),43.0,78680
Humidity(%),44.0,80303
Humidity(%),45.0,79088
Humidity(%),46.0,86450
Humidity(%),47.0,81226
Humidity(%),48.0,93010
Humidity(%),49.0,87426
Humidity(%),50.0,91373
Humidity(%),51.0,88294
Humidity(%),52.0,101064
Humidity(%),53.0,97334
Humidity(%),54.0,96524
Humidity(%),55.0,103036
Humidity(%),56.0,92756
Humidity(%),57.0,103261
Humidity(%),58.0,98993
Humidity(%),59.0,108384
Humidity(%),60.0,99191
Humidity(%),61.0,108219
Humidity(%),62.0,104087
Humidity(%),63.0,109744
Humidity(%),64.0,97032
Humidity(%),65.0,116048
Humidity(%),66.0,97602
Humidity(%),67.0,115860
Humidity(%),68.0,98930
Humidity(%),69.0,111944
Humidity(%),70.0,103619
Humidity(%),71.0,99532
Humidity(%),72.0,114957
Humidity(%),73.0,103284
Humidity(%),74.0,118387
Humidity(%),75.0,97972
Humidity(%),76.0,113388
Humidity(%),77.0,101354
Humidity(%),78.0,118625
Humidity(%),79.0,115428
Humidity(%),80.0,92559
Humidity(%),81.0,126612
Humidity(%),82.0,124386
Humidity(%),83.0,113669
Humidity(%),84.0,126652
Humidity(%),85.0,85734
Humidity(%),86.0,121255
Humidity(%),87.0,169582
Humidity(%),88.0,102788
Humidity(%),89.0,140593
Humidity(%),90.0,166492
Humidity(%),91.0,37561
Humidity(%),92.0,66899
Humidity(%),93.0,290345
Humidity(%),94.0,119009
Humidity(%),95.0,9612
Humidity(%),96.0,134809
Humidity(%),97.0,88156
Humidity(%),98.0,6977
Humidity(%),99.0,14262
Humidity(%),100.0,286680
Wind_Chill(F),-89.0,10
Wind_Chill(F),-80.0,1
Wind_Chill(F),-69.0,1
Wind_Chill(F),-65.9,1
Wind_Chill(F),-63.0,7
Wind_Chill(F),-59.0,4
Wind_Chill(F),-58.0,2
Wind_Chill(F),-55.1,1
Wind_Chill(F),-55.0,2
Wind_Chill(F),-54.1,1
Wind_Chill(F),-54.0,3
Wind_Chill(F),-53.6,2
Wind_Chill(F),-53.5,5
Wind_Chill(F),-53.2,4
Wind_Chill(F),-53.1,2
Wind_Chill(F),-53.0,3
Wind_Chill(F),-52.7,3
Wind_Chill(F),-52.6,6
Wind_Chill(F),-52.3,3
Wind_Chill(F),-52.2,1
Wind_Chill(F),-52.1,1
Wind_Chill(F),-52.0,6
Wind_Chill(F),-51.7,5
Wind_Chill(F),-51.6,1
Wind_Chill(F),-51.5,4
Wind_Chill(F),-51.4,1
Wind_Chill(F),-51.3,14
Wind_Chill(F),-51.2,1
Wind_Chill(F),-51.0,4
Wind_Chill(F),-50.9,2
Wind_Chill(F),-50.7,1
Wind_Chill(F),-50.6,2
Wind_Chill(F),-50.5,13
Wind_Chill(F),-50.4,2
Wind_Chill(F),-50.3,2
Wind_Chill(F),-50.1,6
Wind_Chill(F),-50.0,9
Wind_Chill(F),-49.9,4
Wind_Chill(F),-49.8,9
Wind_Chill(F),-49.6,5
Wind_Chill(F),-49.3,2
Wind_Chill(F),-49.2,2
Wind_Chill(F),-49.1,5
Wind_Chill(F),-49.0,1
Wind_Chill(F),-48.9,1
Wind_Chill(F),-48.6,2
Wind_Chill(F),-48.5,8
Wind_Chill(F),-48.4,2
Wind_Chill(F),-48.0,13
Wind_Chill(F),-47.8,5
Wind_Chill(F),-47.7,2
Wind_Chill(F),-47.5,6
Wind_Chill(F),-47.3,20
Wind_Chill(F),-47.2,3
Wind_Chill(F),-47.0,9
Wind_Chill(F),-46.8,1
Wind_Chill(F),-46.6,11
Wind_Chill(F),-46.4,6
Wind_Chill(F),-46.0,16
Wind_Chill(F),-45.9,1
Wind_Chill(F),-45.7,2
Wind_Chill(F),-45.5,1
Wind_Chill(F),-45.4,4
Wind_Chill(F),-45.3,1
Wind_Chill(F),-45.0,5
Wind_Chill(F),-44.8,4
Wind_Chill(F),-44.7,1
Wind_Chill(F),-44.5,3
Wind_Chill(F),-44.4,1
Wind_Chill(F),-44.0,8
Wind_Chill(F),-43.6,6
Wind_Chill(F),-43.5,5
Wind_Chill(F),-43.4,1
Wind_Chill(F),-43.2,2
Wind_Chill(F),-43.0,7
Wind_Chill(F),-42.8,1
Wind_Chill(F),-42.5,3
Wind_Chill(F),-42.3,2
Wind_Chill(F),-42.2,3
Wind_Chill(F),-42.0,13
Wind_Chill(F),-41.6,6
Wind_Chill(F),-41.5,1
Wind_Chill(F),-41.3,1
Wind_Chill(F),-41.0,38
Wind_Chill(F),-40.9,1
Wind_Chill(F),-40.8,1
Wind_Chill(F),-40.6,1
Wind_Chill(F),-40.5,1
Wind_Chill(F),-40.2,5
Wind_Chill(F),-40.1,5
Wind_Chill(F),-40.0,42
Wind_Chill(F),-39.9,4
Wind_Chill(F),-39.8,4
Wind_Chill(F),-39.7,3
Wind_Chill(F),-39.4,1
Wind_Chill(F),-39.3,1
Wind_Chill(F),-39.1,3
Wind_Chill(F),-39.0,49
Wind_Chill(F),-38.9,4
Wind_Chill(F),-38.8,3
Wind_Chill(F),-38.6,12
Wind_Chill(F),-38.5,1
Wind_Chill(F),-38.4,3
Wind_Chill(F),-38.2,8
Wind_Chill(F),-38.1,2
Wind_Chill(F),-38.0,73
Wind_Chill(F),-37.9,1
Wind_Chill(F),-37.7,1
Wind_Chill(F),-37.5,11
Wind_Chill(F),-37.3,1
Wind_Chill(F),-37.2,3
Wind_Chill(F),-37.1,1
Wind_Chill(F),-37.0,117
Wind_Chill(F),-36.8,14
Wind_Chill(F),-36.6,13
Wind_Chill(F),-36.4,3
Wind_Chill(F),-36.3,2
Wind_Chill(F),-36.2,10
Wind_Chill(F),-36.1,15
Wind_Chill(F),-36.0,126
Wind_Chill(F),-35.9,1
Wind_Chill(F),-35.8,3
Wind_Chill(F),-35.7,4
Wind_Chill(F),-35.6,4
Wind_Chill(F),-35.5,4
Wind_Chill(F),-35.3,4
Wind_Chill(F),-35.2,11
Wind_Chill(F),-35.1,2
Wind_Chill(F),-35.0,273
Wind_Chill(F),-34.8,16
Wind_Chill(F),-34.7,7
Wind_Chill(F),-34.6,5
Wind_Chill(F),-34.5,1
Wind_Chill(F),-34.4,2
Wind_Chill(F),-34.3,4
Wind_Chill(F),-34.2,3
Wind_Chill(F),-34.0,235
Wind_Chill(F),-33.9,2
Wind_Chill(F),-33.8,20
Wind_Chill(F),-33.7,22
Wind_Chill(F),-33.6,5
Wind_Chill(F),-33.5,12
Wind_Chill(F),-33.4,10
Wind_Chill(F),-33.3,2
Wind_Chill(F),-33.1,1
Wind_Chill(F),-33.0,385
Wind_Chill(F),-32.9,1
Wind_Chill(F),-32.8,1
Wind_Chill(F),-32.7,10
Wind_Chill(F),-32.6,2
Wind_Chill(F),-32.4,8
Wind_Chill(F),-32.3,6
Wind_Chill(F),-32.2,9
Wind_Chill(F),-32.1,13
Wind_Chill(F),-32.0,442
Wind_Chill(F),-31.8,2
Wind_Chill(F),-31.7,10
Wind_Chill(F),-31.6,7
Wind_Chill(F),-31.5,1
Wind_Chill(F),-31.4,5
Wind_Chill(F),-31.3,25
Wind_Chill(F),-31.2,5
Wind_Chill(F),-31.1,4
Wind_Chill(F),-31.0,534
Wind_Chill(F),-30.9,11
Wind_Chill(F),-30.8,3
Wind_Chill(F),-30.6,4
Wind_Chill(F),-30.5,8
Wind_Chill(F),-30.4,9
Wind_Chill(F),-30.3,4
Wind_Chill(F),-30.2,6
Wind_Chill(F),-30.1,5
Wind_Chill(F),-30.0,813
Wind_Chill(F),-29.9,24
Wind_Chill(F),-29.8,5
Wind_Chill(F),-29.7,4
Wind_Chill(F),-29.6,14
Wind_Chill(F),-29.5,6
Wind_Chill(F),-29.4,1
Wind_Chill(F),-29.3,27
Wind_Chill(F),-29.2,1
Wind_Chill(F),-29.1,9
Wind_Chill(F),-29.0,654
Wind_Chill(F),-28.9,3
Wind_Chill(F),-28.8,22
Wind_Chill(F),-28.7,4
Wind_Chill(F),-28.6,13
Wind_Chill(F),-28.5,2
Wind_Chill(F),-28.4,32
Wind_Chill(F),-28.3,11
Wind_Chill(F),-28.0,635
Wind_Chill(F),-27.9,2
Wind_Chill(F),-27.8,2
Wind_Chill(F),-27.7,1
Wind_Chill(F),-27.6,10
Wind_Chill(F),-27.5,30
Wind_Chill(F),-27.4,11
Wind_Chill(F),-27.3,6
Wind_Chill(F),-27.2,6
Wind_Chill(F),-27.1,12
Wind_Chill(F),-27.0,670
Wind_Chill(F),-26.9,1
Wind_Chill(F),-26.8,14
Wind_Chill(F),-26.7,4
Wind_Chill(F),-26.6,8
Wind_Chill(F),-26.4,23
Wind_Chill(F),-26.3,40
Wind_Chill(F),-26.2,28
Wind_Chill(F),-26.1,17
Wind_Chill(F),-26.0,735
Wind_Chill(F),-25.9,20
Wind_Chill(F),-25.8,2
Wind_Chill(F),-25.7,22
Wind_Chill(F),-25.6,8
Wind_Chill(F),-25.5,7
Wind_Chill(F),-25.3,2
Wind_Chill(F),-25.2,67
Wind_Chill(F),-25.1,18
Wind_Chill(F),-25.0,689
Wind_Chill(F),-24.9,15
Wind_Chill(F),-24.8,11
Wind_Chill(F),-24.7,3
Wind_Chill(F),-24.6,13
Wind_Chill(F),-24.5,10
Wind_Chill(F),-24.4,25
Wind_Chill(F),-24.3,20
Wind_Chill(F),-24.2,1
Wind_Chill(F),-24.1,7
Wind_Chill(F),-24.0,782
Wind_Chill(F),-23.9,36
Wind_Chill(F),-23.8,70
Wind_Chill(F),-23.7,21
Wind_Chill(F),-23.6,17
Wind_Chill(F),-23.5,18
Wind_Chill(F),-23.4,37
Wind_Chill(F),-23.3,3
Wind_Chill(F),-23.2,3
Wind_Chill(F),-23.1,13
Wind_Chill(F),-23.0,656
Wind_Chill(F),-22.9,11
Wind_Chill(F),-22.8,30
Wind_Chill(F),-22.7,14
Wind_Chill(F),-22.6,37
Wind_Chill(F),-22.5,24
Wind_Chill(F),-22.4,45
Wind_Chill(F),-22.3,19
Wind_Chill(F),-22.2,4
Wind_Chill(F),-22.1,48
Wind_Chill(F),-22.0,681
Wind_Chill(F),-21.9,18
Wind_Chill(F),-21.8,12
Wind_Chill(F),-21.7,9
Wind_Chill(F),-21.6,7
Wind_Chill(F),-21.5,82
Wind_Chill(F),-21.4,20
Wind_Chill(F),-21.3,8
Wind_Chill(F),-21.2,56
Wind_Chill(F),-21.1,3
Wind_Chill(F),-21.0,778
Wind_Chill(F),-20.9,17
Wind_Chill(F),-20.8,20
Wind_Chill(F),-20.7,23
Wind_Chill(F),-20.6,17
Wind_Chill(F),-20.5,24
Wind_Chill(F),-20.4,75
Wind_Chill(F),-20.3,2
Wind_Chill(F),-20.2,27
Wind_Chill(F),-20.1,23
Wind_Chill(F),-20.0,872
Wind_Chill(F),-19.9,91
Wind_Chill(F),-19.8,27
Wind_Chill(F),-19.7,3
Wind_Chill(F),-19.6,26
Wind_Chill(F),-19.4,39
Wind_Chill(F),-19.3,17
Wind_Chill(F),-19.2,72
Wind_Chill(F),-19.1,44
Wind_Chill(F),-19.0,1015
Wind_Chill(F),-18.9,13
Wind_Chill(F),-18.8,63
Wind_Chill(F),-18.7,84
Wind_Chill(F),-18.6,30
Wind_Chill(F),-18.5,6
Wind_Chill(F),-18.4,15
Wind_Chill(F),-18.3,39
Wind_Chill(F),-18.2,25
Wind_Chill(F),-18.1,49
Wind_Chill(F),-18.0,1329
Wind_Chill(F),-17.9,7
Wind_Chill(F),-17.8,39
Wind_Chill(F),-17.7,34
Wind_Chill(F),-17.6,77
Wind_Chill(F),-17.5,45
Wind_Chill(F),-17.4,35
Wind_Chill(F),-17.3,52
Wind_Chill(F),-17.2,2
Wind_Chill(F),-17.1,59
Wind_Chill(F),-17.0,1078
Wind_Chill(F),-16.9,54
Wind_Chill(F),-16.8,18
Wind_Chill(F),-16.7,56
Wind_Chill(F),-16.6,77
Wind_Chill(F),-16.5,76
Wind_Chill(F),-16.4,22
Wind_Chill(F),-16.3,77
Wind_Chill(F),-16.2,47
Wind_Chill(F),-16.1,38
Wind_Chill(F),-16.0,1124
Wind_Chill(F),-15.9,28
Wind_Chill(F),-15.8,79
Wind_Chill(F),-15.7,34
Wind_Chill(F),-15.6,44
Wind_Chill(F),-15.5,79
Wind_Chill(F),-15.4,39
Wind_Chill(F),-15.3,143
Wind_Chill(F),-15.2,43
Wind_Chill(F),-15.1,6
Wind_Chill(F),-15.0,1244
Wind_Chill(F),-14.9,57
Wind_Chill(F),-14.8,73
Wind_Chill(F),-14.7,116
Wind_Chill(F),-14.6,55
Wind_Chill(F),-14.5,39
Wind_Chill(F),-14.4,4
Wind_Chill(F),-14.3,48
Wind_Chill(F),-14.2,95
Wind_Chill(F),-14.1,95
Wind_Chill(F),-14.0,1582
Wind_Chill(F),-13.9,69
Wind_Chill(F),-13.8,96
Wind_Chill(F),-13.7,36
Wind_Chill(F),-13.6,74
Wind_Chill(F),-13.5,13
Wind_Chill(F),-13.4,23
Wind_Chill(F),-13.3,90
Wind_Chill(F),-13.2,2
Wind_Chill(F),-13.1,32
Wind_Chill(F),-13.0,1449
Wind_Chill(F),-12.9,145
Wind_Chill(F),-12.8,22
Wind_Chill(F),-12.7,70
Wind_Chill(F),-12.6,31
Wind_Chill(F),-12.5,63
Wind_Chill(F),-12.4,22
Wind_Chill(F),-12.3,57
Wind_Chill(F),-12.2,140
Wind_Chill(F),-12.1,30
Wind_Chill(F),-12.0,1696
Wind_Chill(F),-11.9,5
Wind_Chill(F),-11.8,76
Wind_Chill(F),-11.7,88
Wind_Chill(F),-11.6,158
Wind_Chill(F),-11.5,62
Wind_Chill(F),-11.4,27
Wind_Chill(F),-11.3,128
Wind_Chill(F),-11.2,52
Wind_Chill(F),-11.1,11
Wind_Chill(F),-11.0,1450
Wind_Chill(F),-10.9,47
Wind_Chill(F),-10.8,99
Wind_Chill(F),-10.7,44
Wind_Chill(F),-10.6,66
Wind_Chill(F),-10.5,88
Wind_Chill(F),-10.4,147
Wind_Chill(F),-10.3,77
Wind_Chill(F),-10.2,86
Wind_Chill(F),-10.1,28
Wind_Chill(F),-10.0,1660
Wind_Chill(F),-9.9,88
Wind_Chill(F),-9.8,40
Wind_Chill(F),-9.7,3
Wind_Chill(F),-9.6,36
Wind_Chill(F),-9.5,120
Wind_Chill(F),-9.4,84
Wind_Chill(F),-9.3,93
Wind_Chill(F),-9.2,116
Wind_Chill(F),-9.1,166
Wind_Chill(F),-9.0,1812
Wind_Chill(F),-8.9,73
Wind_Chill(F),-8.8,22
Wind_Chill(F),-8.7,130
Wind_Chill(F),-8.6,47
Wind_Chill(F),-8.5,67
Wind_Chill(F),-8.4,61
Wind_Chill(F),-8.3,129
Wind_Chill(F),-8.2,76
Wind_Chill(F),-8.1,153
Wind_Chill(F),-8.0,2378
Wind_Chill(F),-7.9,125
Wind_Chill(F),-7.8,120
Wind_Chill(F),-7.7,118
Wind_Chill(F),-7.6,108
Wind_Chill(F),-7.5,78
Wind_Chill(F),-7.4,12
Wind_Chill(F),-7.3,101
Wind_Chill(F),-7.2,20
Wind_Chill(F),-7.1,62
Wind_Chill(F),-7.0,2023
Wind_Chill(F),-6.9,227
Wind_Chill(F),-6.8,99
Wind_Chill(F),-6.7,54
Wind_Chill(F),-6.6,159
Wind_Chill(F),-6.5,144
Wind_Chill(F),-6.4,68
Wind_Chill(F),-6.3,31
Wind_Chill(F),-6.2,158
Wind_Chill(F),-6.1,18
Wind_Chill(F),-6.0,2053
Wind_Chill(F),-5.9,250
Wind_Chill(F),-5.8,32
Wind_Chill(F),-5.7,104
Wind_Chill(F),-5.6,286
Wind_Chill(F),-5.5,60
Wind_Chill(F),-5.4,102
Wind_Chill(F),-5.3,229
Wind_Chill(F),-5.2,85
Wind_Chill(F),-5.1,140
Wind_Chill(F),-5.0,2062
Wind_Chill(F),-4.9,38
Wind_Chill(F),-4.8,98
Wind_Chill(F),-4.7,155
Wind_Chill(F),-4.6,5
Wind_Chill(F),-4.5,262
Wind_Chill(F),-4.4,127
Wind_Chill(F),-4.3,267
Wind_Chill(F),-4.2,142
Wind_Chill(F),-4.1,267
Wind_Chill(F),-4.0,2194
Wind_Chill(F),-3.9,104
Wind_Chill(F),-3.8,10
Wind_Chill(F),-3.7,193
Wind_Chill(F),-3.6,18
Wind_Chill(F),-3.5,47
Wind_Chill(F),-3.4,338
Wind_Chill(F),-3.3,172
Wind_Chill(F),-3.2,300
Wind_Chill(F),-3.1,30
Wind_Chill(F),-3.0,3011
Wind_Chill(F),-2.9,180
Wind_Chill(F),-2.8,170
Wind_Chill(F),-2.7,98
Wind_Chill(F),-2.6,176
Wind_Chill(F),-2.5,180
Wind_Chill(F),-2.4,53
Wind_Chill(F),-2.3,7
Wind_Chill(F),-2.2,302
Wind_Chill(F),-2.1,75
Wind_Chill(F),-2.0,3516
Wind_Chill(F),-1.9,152
Wind_Chill(F),-1.8,183
Wind_Chill(F),-1.7,107
Wind_Chill(F),-1.6,135
Wind_Chill(F),-1.5,79
Wind_Chill(F),-1.4,153
Wind_Chill(F),-1.3,274
Wind_Chill(F),-1.1,128
Wind_Chill(F),-1.0,2883
Wind_Chill(F),-0.9,509
Wind_Chill(F),-0.8,246
Wind_Chill(F),-0.7,26
Wind_Chill(F),-0.6,130
Wind_Chill(F),-0.5,127
Wind_Chill(F),-0.4,294
Wind_Chill(F),-0.3,60
Wind_Chill(F),-0.2,399
Wind_Chill(F),-0.1,111
Wind_Chill(F),0.0,3948
Wind_Chill(F),0.1,251
Wind_Chill(F),0.2,182
Wind_Chill(F),0.3,31
Wind_Chill(F),0.4,152
Wind_Chill(F),0.5,480
Wind_Chill(F),0.6,326
Wind_Chill(F),0.7,237
Wind_Chill(F),0.8,49
Wind_Chill(F),0.9,80
Wind_Chill(F),1.0,3874
Wind_Chill(F),1.1,287
Wind_Chill(F),1.2,260
Wind_Chill(F),1.3,88
Wind_Chill(F),1.4,294
Wind_Chill(F),1.5,247
Wind_Chill(F),1.6,265
Wind_Chill(F),1.7,248
Wind_Chill(F),1.8,288
Wind_Chill(F),1.9,15
Wind_Chill(F),2.0,4166
Wind_Chill(F),2.1,70
Wind_Chill(F),2.2,165
Wind_Chill(F),2.3,153
Wind_Chill(F),2.4,142
Wind_Chill(F),2.5,306
Wind_Chill(F),2.6,279
Wind_Chill(F),2.7,312
Wind_Chill(F),2.8,58
Wind_Chill(F),2.9,602
Wind_Chill(F),3.0,4706
Wind_Chill(F),3.1,114
Wind_Chill(F),3.2,179
Wind_Chill(F),3.3,200
Wind_Chill(F),3.4,73
Wind_Chill(F),3.5,78
Wind_Chill(F),3.6,667
Wind_Chill(F),3.7,42
Wind_Chill(F),3.8,206
Wind_Chill(F),3.9,288
Wind_Chill(F),4.0,5560
Wind_Chill(F),4.1,194
Wind_Chill(F),4.2,380
Wind_Chill(F),4.3,427
Wind_Chill(F),4.4,232
Wind_Chill(F),4.5,237
Wind_Chill(F),4.6,87
Wind_Chill(F),4.7,134
Wind_Chill(F),4.8,290
Wind_Chill(F),4.9,63
Wind_Chill(F),5.0,5493
Wind_Chill(F),5.1,312
Wind_Chill(F),5.2,524
Wind_Chill(F),5.3,234
Wind_Chill(F),5.4,266
Wind_Chill(F),5.5,99
Wind_Chill(F),5.6,251
Wind_Chill(F),5.7,318
Wind_Chill(F),5.8,283
Wind_Chill(F),5.9,136
Wind_Chill(F),6.0,5507
Wind_Chill(F),6.1,552
Wind_Chill(F),6.2,326
Wind_Chill(F),6.3,248
Wind_Chill(F),6.4,384
Wind_Chill(F),6.5,299
Wind_Chill(F),6.6,420
Wind_Chill(F),6.7,207
Wind_Chill(F),6.8,310
Wind_Chill(F),6.9,555
Wind_Chill(F),7.0,6244
Wind_Chill(F),7.1,209
Wind_Chill(F),7.2,253
Wind_Chill(F),7.3,589
Wind_Chill(F),7.4,291
Wind_Chill(F),7.5,317
Wind_Chill(F),7.6,555
Wind_Chill(F),7.7,463
Wind_Chill(F),7.8,231
Wind_Chill(F),7.9,327
Wind_Chill(F),8.0,6118
Wind_Chill(F),8.1,232
Wind_Chill(F),8.2,716
Wind_Chill(F),8.3,249
Wind_Chill(F),8.4,35
Wind_Chill(F),8.5,25
Wind_Chill(F),8.6,717
Wind_Chill(F),8.7,822
Wind_Chill(F),8.8,248
Wind_Chill(F),8.9,155
Wind_Chill(F),9.0,9501
Wind_Chill(F),9.1,32
Wind_Chill(F),9.2,461
Wind_Chill(F),9.3,818
Wind_Chill(F),9.4,258
Wind_Chill(F),9.5,296
Wind_Chill(F),9.6,266
Wind_Chill(F),9.7,30
Wind_Chill(F),9.8,654
Wind_Chill(F),9.9,292
Wind_Chill(F),10.0,8467
Wind_Chill(F),10.1,889
Wind_Chill(F),10.2,175
Wind_Chill(F),10.3,56
Wind_Chill(F),10.4,673
Wind_Chill(F),10.5,11
Wind_Chill(F),10.6,913
Wind_Chill(F),10.7,172
Wind_Chill(F),10.8,70
Wind_Chill(F),10.9,244
Wind_Chill(F),11.0,10556
Wind_Chill(F),11.1,1372
Wind_Chill(F),11.2,57
Wind_Chill(F),11.3,257
Wind_Chill(F),11.4,360
Wind_Chill(F),11.5,549
Wind_Chill(F),11.6,90
Wind_Chill(F),11.7,1423
Wind_Chill(F),11.8,25
Wind_Chill(F),11.9,171
Wind_Chill(F),12.0,10346
Wind_Chill(F),12.1,382
Wind_Chill(F),12.2,283
Wind_Chill(F),12.3,540
Wind_Chill(F),12.4,853
Wind_Chill(F),12.5,747
Wind_Chill(F),12.6,361
Wind_Chill(F),12.7,426
Wind_Chill(F),12.8,271
Wind_Chill(F),12.9,151
Wind_Chill(F),13.0,10281
Wind_Chill(F),13.1,1253
Wind_Chill(F),13.2,151
Wind_Chill(F),13.3,67
Wind_Chill(F),13.4,1289
Wind_Chill(F),13.5,217
Wind_Chill(F),13.6,747
Wind_Chill(F),13.7,475
Wind_Chill(F),13.8,128
Wind_Chill(F),13.9,1013
Wind_Chill(F),14.0,11983
Wind_Chill(F),14.1,56
Wind_Chill(F),14.2,397
Wind_Chill(F),14.3,494
Wind_Chill(F),14.4,496
Wind_Chill(F),14.5,753
Wind_Chill(F),14.6,562
Wind_Chill(F),14.7,907
Wind_Chill(F),14.8,445
Wind_Chill(F),14.9,601
Wind_Chill(F),15.0,11497
Wind_Chill(F),15.1,125
Wind_Chill(F),15.2,949
Wind_Chill(F),15.3,348
Wind_Chill(F),15.4,200
Wind_Chill(F),15.5,580
Wind_Chill(F),15.6,853
Wind_Chill(F),15.7,780
Wind_Chill(F),15.8,712
Wind_Chill(F),15.9,53
Wind_Chill(F),16.0,15637
Wind_Chill(F),16.1,1005
Wind_Chill(F),16.2,1084
Wind_Chill(F),16.3,636
Wind_Chill(F),16.4,221
Wind_Chill(F),16.5,511
Wind_Chill(F),16.6,197
Wind_Chill(F),16.7,550
Wind_Chill(F),16.8,845
Wind_Chill(F),16.9,506
Wind_Chill(F),17.0,17512
Wind_Chill(F),17.1,652
Wind_Chill(F),17.2,529
Wind_Chill(F),17.3,880
Wind_Chill(F),17.4,100
Wind_Chill(F),17.5,1012
Wind_Chill(F),17.6,595
Wind_Chill(F),17.7,472
Wind_Chill(F),17.8,175
Wind_Chill(F),17.9,401
Wind_Chill(F),18.0,17154
Wind_Chill(F),18.1,1161
Wind_Chill(F),18.2,1148
Wind_Chill(F),18.3,286
Wind_Chill(F),18.4,1335
Wind_Chill(F),18.5,299
Wind_Chill(F),18.6,1194
Wind_Chill(F),18.7,1042
Wind_Chill(F),18.8,20
Wind_Chill(F),18.9,237
Wind_Chill(F),19.0,19605
Wind_Chill(F),19.1,1248
Wind_Chill(F),19.2,668
Wind_Chill(F),19.3,1339
Wind_Chill(F),19.4,900
Wind_Chill(F),19.5,1321
Wind_Chill(F),19.6,75
Wind_Chill(F),19.7,675
Wind_Chill(F),19.8,1314
Wind_Chill(F),19.9,73
Wind_Chill(F),20.0,19289
Wind_Chill(F),20.1,298
Wind_Chill(F),20.2,667
Wind_Chill(F),20.3,107
Wind_Chill(F),20.4,988
Wind_Chill(F),20.5,2457
Wind_Chill(F),20.6,98
Wind_Chill(F),20.7,1036
Wind_Chill(F),20.8,1437
Wind_Chill(F),20.9,279
Wind_Chill(F),21.0,19492
Wind_Chill(F),21.1,1506
Wind_Chill(F),21.2,1794
Wind_Chill(F),21.3,348
Wind_Chill(F),21.4,83
Wind_Chill(F),21.5,337
Wind_Chill(F),21.6,1273
Wind_Chill(F),21.7,2349
Wind_Chill(F),21.8,169
Wind_Chill(F),21.9,2017
Wind_Chill(F),22.0,23028
Wind_Chill(F),22.1,840
Wind_Chill(F),22.2,1556
Wind_Chill(F),22.3,59
Wind_Chill(F),22.4,1052
Wind_Chill(F),22.5,902
Wind_Chill(F),22.6,962
Wind_Chill(F),22.7,223
Wind_Chill(F),22.8,2560
Wind_Chill(F),22.9,26
Wind_Chill(F),23.0,28750
Wind_Chill(F),23.1,82
Wind_Chill(F),23.2,1168
Wind_Chill(F),23.3,494
Wind_Chill(F),23.4,1074
Wind_Chill(F),23.5,1120
Wind_Chill(F),23.6,1126
Wind_Chill(F),23.7,158
Wind_Chill(F),23.8,604
Wind_Chill(F),23.9,1751
Wind_Chill(F),24.0,25302
Wind_Chill(F),24.1,1360
Wind_Chill(F),24.2,2497
Wind_Chill(F),24.3,1685
Wind_Chill(F),24.4,846
Wind_Chill(F),24.5,293
Wind_Chill(F),24.6,883
Wind_Chill(F),24.7,216
Wind_Chill(F),24.8,1970
Wind_Chill(F),24.9,949
Wind_Chill(F),25.0,29166
Wind_Chill(F),25.1,90
Wind_Chill(F),25.2,3359
Wind_Chill(F),25.3,513
Wind_Chill(F),25.4,566
Wind_Chill(F),25.5,2224
Wind_Chill(F),25.6,1892
Wind_Chill(F),25.7,70
Wind_Chill(F),25.8,327
Wind_Chill(F),25.9,765
Wind_Chill(F),26.0,29797
Wind_Chill(F),26.1,1180
Wind_Chill(F),26.2,1354
Wind_Chill(F),26.3,357
Wind_Chill(F),26.4,2861
Wind_Chill(F),26.5,1029
Wind_Chill(F),26.6,1239
Wind_Chill(F),26.7,1062
Wind_Chill(F),26.8,131
Wind_Chill(F),26.9,1944
Wind_Chill(F),27.0,31613
Wind_Chill(F),27.1,959
Wind_Chill(F),27.2,1047
Wind_Chill(F),27.3,252
Wind_Chill(F),27.4,1029
Wind_Chill(F),27.5,3995
Wind_Chill(F),27.6,195
Wind_Chill(F),27.7,2159
Wind_Chill(F),27.8,188
Wind_Chill(F),27.9,1152
Wind_Chill(F),28.0,32797
Wind_Chill(F),28.1,595
Wind_Chill(F),28.2,350
Wind_Chill(F),28.3,144
Wind_Chill(F),28.4,107
Wind_Chill(F),28.5,1917
Wind_Chill(F),28.6,1895
Wind_Chill(F),28.7,3067
Wind_Chill(F),28.8,1414
Wind_Chill(F),28.9,1238
Wind_Chill(F),29.0,33586
Wind_Chill(F),29.1,122
Wind_Chill(F),29.2,907
Wind_Chill(F),29.3,2357
Wind_Chill(F),29.4,104
Wind_Chill(F),29.5,123
Wind_Chill(F),29.6,2449
Wind_Chill(F),29.7,190
Wind_Chill(F),29.8,2522
Wind_Chill(F),29.9,757
Wind_Chill(F),30.0,41631
Wind_Chill(F),30.1,1229
Wind_Chill(F),30.2,314
Wind_Chill(F),30.3,1887
Wind_Chill(F),30.4,1101
Wind_Chill(F),30.5,1122
Wind_Chill(F),30.6,586
Wind_Chill(F),30.7,649
Wind_Chill(F),30.8,1233
Wind_Chill(F),30.9,977
Wind_Chill(F),31.0,36342
Wind_Chill(F),31.1,1525
Wind_Chill(F),31.2,296
Wind_Chill(F),31.3,36
Wind_Chill(F),31.4,1713
Wind_Chill(F),31.5,1063
Wind_Chill(F),31.6,1695
Wind_Chill(F),31.7,658
Wind_Chill(F),31.8,1422
Wind_Chill(F),31.9,355
Wind_Chill(F),32.0,41858
Wind_Chill(F),32.1,3795
Wind_Chill(F),32.2,1503
Wind_Chill(F),32.3,1027
Wind_Chill(F),32.4,1337
Wind_Chill(F),32.5,1491
Wind_Chill(F),32.6,123
Wind_Chill(F),32.7,1446
Wind_Chill(F),32.8,2681
Wind_Chill(F),32.9,848
Wind_Chill(F),33.0,38533
Wind_Chill(F),33.1,815
Wind_Chill(F),33.2,129
Wind_Chill(F),33.3,2780
Wind_Chill(F),33.4,2048
Wind_Chill(F),33.5,2205
Wind_Chill(F),33.6,692
Wind_Chill(F),33.7,85
Wind_Chill(F),33.8,793
Wind_Chill(F),33.9,2298
Wind_Chill(F),34.0,40599
Wind_Chill(F),34.1,155
Wind_Chill(F),34.2,973
Wind_Chill(F),34.3,1342
Wind_Chill(F),34.4,1441
Wind_Chill(F),34.5,3327
Wind_Chill(F),34.6,128
Wind_Chill(F),34.7,1280
Wind_Chill(F),34.8,1720
Wind_Chill(F),34.9,1227
Wind_Chill(F),35.0,33912
Wind_Chill(F),35.1,1748
Wind_Chill(F),35.2,2400
Wind_Chill(F),35.3,87
Wind_Chill(F),35.4,738
Wind_Chill(F),35.5,1378
Wind_Chill(F),35.6,106
Wind_Chill(F),35.7,2860
Wind_Chill(F),35.8,3309
Wind_Chill(F),35.9,898
Wind_Chill(F),36.0,46461
Wind_Chill(F),36.1,1171
Wind_Chill(F),36.2,578
Wind_Chill(F),36.3,157
Wind_Chill(F),36.4,2825
Wind_Chill(F),36.5,473
Wind_Chill(F),36.6,1799
Wind_Chill(F),36.7,1502
Wind_Chill(F),36.8,2737
Wind_Chill(F),36.9,340
Wind_Chill(F),37.0,46930
Wind_Chill(F),37.1,4281
Wind_Chill(F),37.2,1284
Wind_Chill(F),37.3,123
Wind_Chill(F),37.4,1123
Wind_Chill(F),37.5,582
Wind_Chill(F),37.6,447
Wind_Chill(F),37.7,3569
Wind_Chill(F),37.8,1848
Wind_Chill(F),37.9,499
Wind_Chill(F),38.0,45467
Wind_Chill(F),38.1,1305
Wind_Chill(F),38.2,2003
Wind_Chill(F),38.3,225
Wind_Chill(F),38.4,1937
Wind_Chill(F),38.5,875
Wind_Chill(F),38.6,1907
Wind_Chill(F),38.7,71
Wind_Chill(F),38.8,2338
Wind_Chill(F),38.9,868
Wind_Chill(F),39.0,55046
Wind_Chill(F),39.1,68
Wind_Chill(F),39.2,2191
Wind_Chill(F),39.3,2061
Wind_Chill(F),39.4,131
Wind_Chill(F),39.5,3203
Wind_Chill(F),39.6,557
Wind_Chill(F),39.7,1782
Wind_Chill(F),39.8,157
Wind_Chill(F),39.9,826
Wind_Chill(F),40.0,45646
Wind_Chill(F),40.1,3750
Wind_Chill(F),40.2,2968
Wind_Chill(F),40.3,1714
Wind_Chill(F),40.4,248
Wind_Chill(F),40.5,141
Wind_Chill(F),40.6,2383
Wind_Chill(F),40.7,1037
Wind_Chill(F),40.8,1872
Wind_Chill(F),40.9,40
Wind_Chill(F),41.0,56137
Wind_Chill(F),41.1,1155
Wind_Chill(F),41.2,1672
Wind_Chill(F),41.3,1705
Wind_Chill(F),41.4,2121
Wind_Chill(F),41.5,2114
Wind_Chill(F),41.6,70
Wind_Chill(F),41.7,74
Wind_Chill(F),41.8,1753
Wind_Chill(F),41.9,2069
Wind_Chill(F),42.0,51634
Wind_Chill(F),42.1,56
Wind_Chill(F),42.2,779
Wind_Chill(F),42.3,79
Wind_Chill(F),42.4,654
Wind_Chill(F),42.5,3325
Wind_Chill(F),42.6,1921
Wind_Chill(F),42.7,98
Wind_Chill(F),42.8,36
Wind_Chill(F),42.9,751
Wind_Chill(F),43.0,55536
Wind_Chill(F),43.1,2557
Wind_Chill(F),43.2,49
Wind_Chill(F),43.3,58
Wind_Chill(F),43.4,38
Wind_Chill(F),43.5,2768
Wind_Chill(F),43.6,26
Wind_Chill(F),43.7,39
Wind_Chill(F),43.9,1902
Wind_Chill(F),44.0,52432
Wind_Chill(F),44.1,25
Wind_Chill(F),44.2,60
Wind_Chill(F),44.3,946
Wind_Chill(F),44.4,31
Wind_Chill(F),44.6,32
Wind_Chill(F),44.8,1793
Wind_Chill(F),45.0,57309
Wind_Chill(F),45.2,877
Wind_Chill(F),46.0,44185
Wind_Chill(F),47.0,32183
Wind_Chill(F),48.0,29824
Wind_Chill(F),49.0,21138
Wind_Chill(F),50.0,94761
Wind_Chill(F),51.0,66270
Wind_Chill(F),52.0,92648
Wind_Chill(F),53.0,73302
Wind_Chill(F),54.0,102964
Wind_Chill(F),55.0,99758
Wind_Chill(F),56.0,76498
Wind_Chill(F),57.0,104227
Wind_Chill(F),58.0,78913
Wind_Chill(F),59.0,103330
Wind_Chill(F),60.0,80750
Wind_Chill(F),61.0,107704
Wind_Chill(F),62.0,82024
Wind_Chill(F),63.0,115954
Wind_Chill(F),64.0,114934
Wind_Chill(F),65.0,87511
Wind_Chill(F),66.0,112160
Wind_Chill(F),67.0,89760
Wind_Chill(F),68.0,115211
Wind_Chill(F),69.0,92032
Wind_Chill(F),70.0,120727
Wind_Chill(F),71.0,94114
Wind_Chill(F),72.0,125378
Wind_Chill(F),73.0,133584
Wind_Chill(F),74.0,98999
Wind_Chill(F),75.0,123065
Wind_Chill(F),76.0,98495
Wind_Chill(F),77.0,122062
Wind_Chill(F),78.0,93224
Wind_Chill(F),79.0,115703
Wind_Chill(F),80.0,87910
Wind_Chill(F),81.0,104427
Wind_Chill(F),82.0,100090
Wind_Chill(F),83.0,73979
Wind_Chill(F),84.0,82537
Wind_Chill(F),85.0,63081
Wind_Chill(F),86.0,72170
Wind_Chill(F),87.0,53086
Wind_Chill(F),88.0,63808
Wind_Chill(F),89.0,44357
Wind_Chill(F),90.0,49642
Wind_Chill(F),91.0,41363
Wind_Chill(F),92.0,24886
Wind_Chill(F),93.0,27077
Wind_Chill(F),94.0,16743
Wind_Chill(F),95.0,17218
Wind_Chill(F),96.0,9794
Wind_Chill(F),97.0,11172
Wind_Chill(F),98.0,6103
Wind_Chill(F),99.0,7152
Wind_Chill(F),100.0,6151
Wind_Chill(F),101.0,3319
Wind_Chill(F),102.0,3886
Wind_Chill(F),103.0,2128
Wind_Chill(F),104.0,2123
Wind_Chill(F),105.0,1199
Wind_Chill(F),106.0,1464
Wind_Chill(F),107.0,918
Wind_Chill(F),108.0,971
Wind_Chill(F),109.0,645
Wind_Chill(F),110.0,357
Wind_Chill(F),111.0,381
Wind_Chill(F),112.0,169
Wind_Chill(F),113.0,129
Wind_Chill(F),114.0,60
Wind_Chill(F),115.0,46
Wind_Chill(F),116.0,8
Wind_Chill(F),117.0,7
Wind_Chill(F),119.0,3
Wind_Chill(F),120.0,10
Wind_Chill(F),122.0,2
Wind_Chill(F),123.0,2
Wind_Chill(F),127.0,1
Wind_Chill(F),128.0,2
Wind_Chill(F),136.0,3
Wind_Chill(F),138.0,1
Wind_Chill(F),140.0,12
Wind_Chill(F),162.0,2
Wind_Chill(F),172.0,2
Wind_Chill(F),174.0,2
Wind_Chill(F),189.0,1
Wind_Chill(F),196.0,5
Wind_Chill(F),207.0,3
Pressure(in),0.0,3
Pressure(in),0.02,1
Pressure(in),0.12,1
Pressure(in),0.29,2
Pressure(in),0.3,6
Pressure(in),0.39,1
Pressure(in),2.98,1
Pressure(in),2.99,9
Pressure(in),3.0,2
Pressure(in),3.01,2
Pressure(in),3.04,4
Pressure(in),9.9,2
Pressure(in),16.71,1
Pressure(in),16.72,3
Pressure(in),16.82,1
Pressure(in),19.21,2
Pressure(in),19.24,2
Pressure(in),19.31,1
Pressure(in),19.36,4
Pressure(in),19.37,3
Pressure(in),19.46,2
Pressure(in),19.48,1
Pressure(in),19.52,8
Pressure(in),19.53,10
Pressure(in),19.55,1
Pressure(in),19.57,1
Pressure(in),19.6,1
Pressure(in),19.64,1
Pressure(in),19.71,1
Pressure(in),19.72,1
Pressure(in),19.73,2
Pressure(in),19.74,3
Pressure(in),19.75,19
Pressure(in),19.76,10
Pressure(in),19.77,1
Pressure(in),19.78,9
Pressure(in),19.79,1
Pressure(in),19.8,1
Pressure(in),19.81,3
Pressure(in),19.82,15
Pressure(in),19.83,8
Pressure(in),19.84,1
Pressure(in),19.86,14
Pressure(in),19.87,10
Pressure(in),19.88,19
Pressure(in),19.89,6
Pressure(in),19.9,19
Pressure(in),19.91,10
Pressure(in),19.92,30
Pressure(in),19.93,18
Pressure(in),19.94,25
Pressure(in),19.95,21
Pressure(in),19.96,14
Pressure(in),19.97,9
Pressure(in),19.98,12
Pressure(in),19.99,4
Pressure(in),20.0,9
Pressure(in),20.01,17
Pressure(in),20.02,38
Pressure(in),20.03,1
Pressure(in),20.04,14
Pressure(in),20.05,7
Pressure(in),20.06,9
Pressure(in),20.07,13
Pressure(in),20.08,26
Pressure(in),20.09,1
Pressure(in),20.1,37
Pressure(in),20.11,10
Pressure(in),20.12,5
Pressure(in),20.13,12
Pressure(in),20.14,1
Pressure(in),20.15,16
Pressure(in),20.16,19
Pressure(in),20.17,34
Pressure(in),20.18,13
Pressure(in),20.19,29
Pressure(in),20.2,3
Pressure(in),20.21,40
Pressure(in),20.22,13
Pressure(in),20.23,27
Pressure(in),20.24,128
Pressure(in),20.25,35
Pressure(in),20.26,28
Pressure(in),20.27,25
Pressure(in),20.28,38
Pressure(in),20.29,18
Pressure(in),20.3,13
Pressure(in),20.31,27
Pressure(in),20.32,24
Pressure(in),20.33,28
Pressure(in),20.34,21
Pressure(in),20.35,23
Pressure(in),20.36,15
Pressure(in),20.37,79
Pressure(in),20.38,33
Pressure(in),20.39,112
Pressure(in),20.4,28
Pressure(in),20.41,38
Pressure(in),20.42,58
Pressure(in),20.43,53
Pressure(in),20.44,70
Pressure(in),20.45,63
Pressure(in),20.46,97
Pressure(in),20.47,109
Pressure(in),20.48,51
Pressure(in),20.49,53
Pressure(in),20.5,68
Pressure(in),20.51,124
Pressure(in),20.52,42
Pressure(in),20.53,201
Pressure(in),20.54,72
Pressure(in),20.55,95
Pressure(in),20.56,74
Pressure(in),20.57,120
Pressure(in),20.58,94
Pressure(in),20.59,59
Pressure(in),20.6,46
Pressure(in),20.61,33
Pressure(in),20.62,81
Pressure(in),20.63,21
Pressure(in),20.64,89
Pressure(in),20.65,53
Pressure(in),20.66,54
Pressure(in),20.67,55
Pressure(in),20.68,105
Pressure(in),20.69,51
Pressure(in),20.7,19
Pressure(in),20.71,70
Pressure(in),20.72,44
Pressure(in),20.73,92
Pressure(in),20.74,38
Pressure(in),20.75,93
Pressure(in),20.76,62
Pressure(in),20.77,165
Pressure(in),20.78,51
Pressure(in),20.79,95
Pressure(in),20.8,57
Pressure(in),20.81,43
Pressure(in),20.82,87
Pressure(in),20.83,55
Pressure(in),20.84,81
Pressure(in),20.85,38
Pressure(in),20.86,81
Pressure(in),20.87,34
Pressure(in),20.88,84
Pressure(in),20.89,26
Pressure(in),20.9,32
Pressure(in),20.91,92
Pressure(in),20.92,34
Pressure(in),20.93,45
Pressure(in),20.94,31
Pressure(in),20.95,79
Pressure(in),20.96,42
Pressure(in),20.97,75
Pressure(in),20.98,38
Pressure(in),20.99,71
Pressure(in),21.0,30
Pressure(in),21.01,38
Pressure(in),21.02,69
Pressure(in),21.03,29
Pressure(in),21.04,72
Pressure(in),21.05,46
Pressure(in),21.06,52
Pressure(in),21.07,55
Pressure(in),21.08,54
Pressure(in),21.09,27
Pressure(in),21.1,19
Pressure(in),21.11,24
Pressure(in),21.12,15
Pressure(in),21.13,38
Pressure(in),21.14,6
Pressure(in),21.15,20
Pressure(in),21.16,3
Pressure(in),21.17,6
Pressure(in),21.18,3
Pressure(in),21.19,7
Pressure(in),21.2,5
Pressure(in),21.22,8
Pressure(in),21.25,7
Pressure(in),21.26,4
Pressure(in),21.27,7
Pressure(in),21.29,2
Pressure(in),21.3,1
Pressure(in),21.32,1
Pressure(in),21.33,3
Pressure(in),21.38,1
Pressure(in),21.39,5
Pressure(in),21.4,1
Pressure(in),21.45,1
Pressure(in),21.46,9
Pressure(in),21.53,1
Pressure(in),21.55,1
Pressure(in),21.6,6
Pressure(in),21.61,2
Pressure(in),21.63,1
Pressure(in),21.68,1
Pressure(in),21.7,1
Pressure(in),21.73,1
Pressure(in),21.75,9
Pressure(in),21.76,4
Pressure(in),21.77,1
Pressure(in),21.81,1
Pressure(in),21.83,1
Pressure(in),21.84,1
Pressure(in),21.88,2
Pressure(in),21.91,2
Pressure(in),21.92,4
Pressure(in),21.93,3
Pressure(in),21.94,8
Pressure(in),21.95,5
Pressure(in),21.96,1
Pressure(in),21.97,6
Pressure(in),21.98,14
Pressure(in),21.99,4
Pressure(in),22.0,4
Pressure(in),22.01,2
Pressure(in),22.02,3
Pressure(in),22.03,1
Pressure(in),22.04,2
Pressure(in),22.05,4
Pressure(in),22.06,3
Pressure(in),22.07,2
Pressure(in),22.08,2
Pressure(in),22.09,3
Pressure(in),22.1,5
Pressure(in),22.11,14
Pressure(in),22.12,4
Pressure(in),22.13,16
Pressure(in),22.14,17
Pressure(in),22.15,13
Pressure(in),22.16,8
Pressure(in),22.17,10
Pressure(in),22.18,4
Pressure(in),22.19,3
Pressure(in),22.2,13
Pressure(in),22.21,10
Pressure(in),22.22,9
Pressure(in),22.23,9
Pressure(in),22.24,18
Pressure(in),22.25,13
Pressure(in),22.26,10
Pressure(in),22.27,14
Pressure(in),22.28,18
Pressure(in),22.29,10
Pressure(in),22.3,7
Pressure(in),22.31,12
Pressure(in),22.32,8
Pressure(in),22.33,17
Pressure(in),22.34,19
Pressure(in),22.35,25
Pressure(in),22.36,16
Pressure(in),22.37,20
Pressure(in),22.38,15
Pressure(in),22.39,12
Pressure(in),22.4,14
Pressure(in),22.41,34
Pressure(in),22.42,10
Pressure(in),22.43,9
Pressure(in),22.44,34
Pressure(in),22.45,18
Pressure(in),22.46,16
Pressure(in),22.47,36
Pressure(in),22.48,38
Pressure(in),22.49,34
Pressure(in),22.5,35
Pressure(in),22.51,75
Pressure(in),22.52,10
Pressure(in),22.53,21
Pressure(in),22.54,33
Pressure(in),22.55,24
Pressure(in),22.56,21
Pressure(in),22.57,42
Pressure(in),22.58,18
Pressure(in),22.59,24
Pressure(in),22.6,32
Pressure(in),22.61,38
Pressure(in),22.62,19
Pressure(in),22.63,51
Pressure(in),22.64,37
Pressure(in),22.65,34
Pressure(in),22.66,42
Pressure(in),22.67,60
Pressure(in),22.68,52
Pressure(in),22.69,79
Pressure(in),22.7,92
Pressure(in),22.71,73
Pressure(in),22.72,94
Pressure(in),22.73,92
Pressure(in),22.74,60
Pressure(in),22.75,51
Pressure(in),22.76,38
Pressure(in),22.77,67
Pressure(in),22.78,67
Pressure(in),22.79,69
Pressure(in),22.8,79
Pressure(in),22.81,46
Pressure(in),22.82,75
Pressure(in),22.83,42
Pressure(in),22.84,73
Pressure(in),22.85,90
Pressure(in),22.86,86
Pressure(in),22.87,103
Pressure(in),22.88,71
Pressure(in),22.89,65
Pressure(in),22.9,106
Pressure(in),22.91,67
Pressure(in),22.92,119
Pressure(in),22.93,118
Pressure(in),22.94,77
Pressure(in),22.95,71
Pressure(in),22.96,96
Pressure(in),22.97,97
Pressure(in),22.98,142
Pressure(in),22.99,81
Pressure(in),23.0,133
Pressure(in),23.01,106
Pressure(in),23.02,102
Pressure(in),23.03,84
Pressure(in),23.04,146
Pressure(in),23.05,72
Pressure(in),23.06,91
Pressure(in),23.07,86
Pressure(in),23.08,96
Pressure(in),23.09,88
Pressure(in),23.1,108
Pressure(in),23.11,99
Pressure(in),23.12,150
Pressure(in),23.13,123
Pressure(in),23.14,131
Pressure(in),23.15,215
Pressure(in),23.16,164
Pressure(in),23.17,135
Pressure(in),23.18,217
Pressure(in),23.19,182
Pressure(in),23.2,130
Pressure(in),23.21,164
Pressure(in),23.22,216
Pressure(in),23.23,166
Pressure(in),23.24,170
Pressure(in),23.25,183
Pressure(in),23.26,127
Pressure(in),23.27,175
Pressure(in),23.28,215
Pressure(in),23.29,164
Pressure(in),23.3,118
Pressure(in),23.31,232
Pressure(in),23.32,193
Pressure(in),23.33,151
Pressure(in),23.34,310
Pressure(in),23.35,168
Pressure(in),23.36,133
Pressure(in),23.37,210
Pressure(in),23.38,153
Pressure(in),23.39,124
Pressure(in),23.4,163
Pressure(in),23.41,198
Pressure(in),23.42,179
Pressure(in),23.43,143
Pressure(in),23.44,171
Pressure(in),23.45,182
Pressure(in),23.46,150
Pressure(in),23.47,196
Pressure(in),23.48,138
Pressure(in),23.49,169
Pressure(in),23.5,148
Pressure(in),23.51,127
Pressure(in),23.52,222
Pressure(in),23.53,190
Pressure(in),23.54,187
Pressure(in),23.55,179
Pressure(in),23.56,206
Pressure(in),23.57,143
Pressure(in),23.58,177
Pressure(in),23.59,184
Pressure(in),23.6,240
Pressure(in),23.61,161
Pressure(in),23.62,179
Pressure(in),23.63,228
Pressure(in),23.64,251
Pressure(in),23.65,187
Pressure(in),23.66,196
Pressure(in),23.67,239
Pressure(in),23.68,177
Pressure(in),23.69,145
Pressure(in),23.7,199
Pressure(in),23.71,183
Pressure(in),23.72,181
Pressure(in),23.73,274
Pressure(in),23.74,200
Pressure(in),23.75,216
Pressure(in),23.76,194
Pressure(in),23.77,180
Pressure(in),23.78,277
Pressure(in),23.79,158
Pressure(in),23.8,224
Pressure(in),23.81,268
Pressure(in),23.82,234
Pressure(in),23.83,260
Pressure(in),23.84,219
Pressure(in),23.85,282
Pressure(in),23.86,324
Pressure(in),23.87,233
Pressure(in),23.88,250
Pressure(in),23.89,335
Pressure(in),23.9,466
Pressure(in),23.91,337
Pressure(in),23.92,302
Pressure(in),23.93,384
Pressure(in),23.94,407
Pressure(in),23.95,311
Pressure(in),23.96,357
Pressure(in),23.97,355
Pressure(in),23.98,447
Pressure(in),23.99,451
Pressure(in),24.0,371
Pressure(in),24.01,381
Pressure(in),24.02,649
Pressure(in),24.03,350
Pressure(in),24.04,381
Pressure(in),24.05,456
Pressure(in),24.06,602
Pressure(in),24.07,488
Pressure(in),24.08,510
Pressure(in),24.09,574
Pressure(in),24.1,561
Pressure(in),24.11,627
Pressure(in),24.12,535
Pressure(in),24.13,609
Pressure(in),24.14,854
Pressure(in),24.15,758
Pressure(in),24.16,567
Pressure(in),24.17,563
Pressure(in),24.18,639
Pressure(in),24.19,978
Pressure(in),24.2,633
Pressure(in),24.21,595
Pressure(in),24.22,787
Pressure(in),24.23,955
Pressure(in),24.24,826
Pressure(in),24.25,621
Pressure(in),24.26,791
Pressure(in),24.27,1044
Pressure(in),24.28,1132
Pressure(in),24.29,727
Pressure(in),24.3,759
Pressure(in),24.31,1109
Pressure(in),24.32,910
Pressure(in),24.33,1177
Pressure(in),24.34,789
Pressure(in),24.35,1191
Pressure(in),24.36,963
Pressure(in),24.37,1066
Pressure(in),24.38,878
Pressure(in),24.39,1157
Pressure(in),24.4,872
Pressure(in),24.41,1149
Pressure(in),24.42,791
Pressure(in),24.43,1077
Pressure(in),24.44,945
Pressure(in),24.45,821
Pressure(in),24.46,1097
Pressure(in),24.47,683
Pressure(in),24.48,1029
Pressure(in),24.49,776
Pressure(in),24.5,1200
Pressure(in),24.51,765
Pressure(in),24.52,805
Pressure(in),24.53,747
Pressure(in),24.54,1068
Pressure(in),24.55,651
Pressure(in),24.56,740
Pressure(in),24.57,665
Pressure(in),24.58,927
Pressure(in),24.59,498
Pressure(in),24.6,485
Pressure(in),24.61,530
Pressure(in),24.62,588
Pressure(in),24.63,689
Pressure(in),24.64,498
Pressure(in),24.65,464
Pressure(in),24.66,438
Pressure(in),24.67,607
Pressure(in),24.68,488
Pressure(in),24.69,426
Pressure(in),24.7,447
Pressure(in),24.71,512
Pressure(in),24.72,357
Pressure(in),24.73,452
Pressure(in),24.74,444
Pressure(in),24.75,477
Pressure(in),24.76,547
Pressure(in),24.77,402
Pressure(in),24.78,386
Pressure(in),24.79,456
Pressure(in),24.8,508
Pressure(in),24.81,447
Pressure(in),24.82,423
Pressure(in),24.83,450
Pressure(in),24.84,568
Pressure(in),24.85,529
Pressure(in),24.86,468
Pressure(in),24.87,513
Pressure(in),24.88,536
Pressure(in),24.89,615
Pressure(in),24.9,578
Pressure(in),24.91,441
Pressure(in),24.92,517
Pressure(in),24.93,566
Pressure(in),24.94,632
Pressure(in),24.95,533
Pressure(in),24.96,502
Pressure(in),24.97,701
Pressure(in),24.98,620
Pressure(in),24.99,552
Pressure(in),25.0,535
Pressure(in),25.01,514
Pressure(in),25.02,749
Pressure(in),25.03,852
Pressure(in),25.04,547
Pressure(in),25.05,637
Pressure(in),25.06,621
Pressure(in),25.07,670
Pressure(in),25.08,849
Pressure(in),25.09,572
Pressure(in),25.1,563
Pressure(in),25.11,610
Pressure(in),25.12,694
Pressure(in),25.13,787
Pressure(in),25.14,547
Pressure(in),25.15,582
Pressure(in),25.16,557
Pressure(in),25.17,747
Pressure(in),25.18,864
Pressure(in),25.19,639
Pressure(in),25.2,628
Pressure(in),25.21,625
Pressure(in),25.22,682
Pressure(in),25.23,890
Pressure(in),25.24,692
Pressure(in),25.25,716
Pressure(in),25.26,729
Pressure(in),25.27,709
Pressure(in),25.28,874
Pressure(in),25.29,866
Pressure(in),25.3,721
Pressure(in),25.31,760
Pressure(in),25.32,862
Pressure(in),25.33,997
Pressure(in),25.34,960
Pressure(in),25.35,957
Pressure(in),25.36,899
Pressure(in),25.37,869
Pressure(in),25.38,860
Pressure(in),25.39,896
Pressure(in),25.4,1179
Pressure(in),25.41,1115
Pressure(in),25.42,953
Pressure(in),25.43,895
Pressure(in),25.44,1167
Pressure(in),25.45,1361
Pressure(in),25.46,1283
Pressure(in),25.47,1232
Pressure(in),25.48,1100
Pressure(in),25.49,1297
Pressure(in),25.5,1147
Pressure(in),25.51,1693
Pressure(in),25.52,1400
Pressure(in),25.53,1572
Pressure(in),25.54,1359
Pressure(in),25.55,1347
Pressure(in),25.56,1665
Pressure(in),25.57,1649
Pressure(in),25.58,1450
Pressure(in),25.59,1577
Pressure(in),25.6,1416
Pressure(in),25.61,1209
Pressure(in),25.62,1550
Pressure(in),25.63,1586
Pressure(in),25.64,1368
Pressure(in),25.65,1650
Pressure(in),25.66,1306
Pressure(in),25.67,1325
Pressure(in),25.68,1462
Pressure(in),25.69,1600
Pressure(in),25.7,1608
Pressure(in),25.71,1184
Pressure(in),25.72,1225
Pressure(in),25.73,1344
Pressure(in),25.74,1246
Pressure(in),25.75,1473
Pressure(in),25.76,1713
Pressure(in),25.77,1265
Pressure(in),25.78,1280
Pressure(in),25.79,1346
Pressure(in),25.8,1189
Pressure(in),25.81,1236
Pressure(in),25.82,1487
Pressure(in),25.83,1073
Pressure(in),25.84,1144
Pressure(in),25.85,1115
Pressure(in),25.86,1010
Pressure(in),25.87,1010
Pressure(in),25.88,1094
Pressure(in),25.89,885
Pressure(in),25.9,926
Pressure(in),25.91,1031
Pressure(in),25.92,853
Pressure(in),25.93,834
Pressure(in),25.94,1106
Pressure(in),25.95,781
Pressure(in),25.96,862
Pressure(in),25.97,888
Pressure(in),25.98,849
Pressure(in),25.99,824
Pressure(in),26.0,1082
Pressure(in),26.01,735
Pressure(in),26.02,758
Pressure(in),26.03,1113
Pressure(in),26.04,844
Pressure(in),26.05,762
Pressure(in),26.06,918
Pressure(in),26.07,879
Pressure(in),26.08,756
Pressure(in),26.09,776
Pressure(in),26.1,996
Pressure(in),26.11,903
Pressure(in),26.12,794
Pressure(in),26.13,689
Pressure(in),26.14,776
Pressure(in),26.15,697
Pressure(in),26.16,911
Pressure(in),26.17,565
Pressure(in),26.18,631
Pressure(in),26.19,582
Pressure(in),26.2,556
Pressure(in),26.21,645
Pressure(in),26.22,613
Pressure(in),26.23,726
Pressure(in),26.24,428
Pressure(in),26.25,516
Pressure(in),26.26,467
Pressure(in),26.27,419
Pressure(in),26.28,459
Pressure(in),26.29,635
Pressure(in),26.3,423
Pressure(in),26.31,422
Pressure(in),26.32,541
Pressure(in),26.33,347
Pressure(in),26.34,406
Pressure(in),26.35,393
Pressure(in),26.36,464
Pressure(in),26.37,435
Pressure(in),26.38,480
Pressure(in),26.39,462
Pressure(in),26.4,427
Pressure(in),26.41,369
Pressure(in),26.42,414
Pressure(in),26.43,388
Pressure(in),26.44,308
Pressure(in),26.45,480
Pressure(in),26.46,395
Pressure(in),26.47,476
Pressure(in),26.48,378
Pressure(in),26.49,350
Pressure(in),26.5,446
Pressure(in),26.51,426
Pressure(in),26.52,484
Pressure(in),26.53,680
Pressure(in),26.54,565
Pressure(in),26.55,597
Pressure(in),26.56,494
Pressure(in),26.57,369
Pressure(in),26.58,353
Pressure(in),26.59,379
Pressure(in),26.6,457
Pressure(in),26.61,491
Pressure(in),26.62,408
Pressure(in),26.63,418
Pressure(in),26.64,421
Pressure(in),26.65,421
Pressure(in),26.66,489
Pressure(in),26.67,461
Pressure(in),26.68,560
Pressure(in),26.69,529
Pressure(in),26.7,526
Pressure(in),26.71,464
Pressure(in),26.72,467
Pressure(in),26.73,650
Pressure(in),26.74,500
Pressure(in),26.75,561
Pressure(in),26.76,709
Pressure(in),26.77,732
Pressure(in),26.78,613
Pressure(in),26.79,740
Pressure(in),26.8,552
Pressure(in),26.81,766
Pressure(in),26.82,664
Pressure(in),26.83,737
Pressure(in),26.84,785
Pressure(in),26.85,719
Pressure(in),26.86,627
Pressure(in),26.87,719
Pressure(in),26.88,859
Pressure(in),26.89,842
Pressure(in),26.9,820
Pressure(in),26.91,685
Pressure(in),26.92,850
Pressure(in),26.93,799
Pressure(in),26.94,1041
Pressure(in),26.95,921
Pressure(in),26.96,921
Pressure(in),26.97,1171
Pressure(in),26.98,1041
Pressure(in),26.99,1028
Pressure(in),27.0,969
Pressure(in),27.01,1254
Pressure(in),27.02,985
Pressure(in),27.03,1348
Pressure(in),27.04,1178
Pressure(in),27.05,1886
Pressure(in),27.06,1575
Pressure(in),27.07,1386
Pressure(in),27.08,1574
Pressure(in),27.09,1699
Pressure(in),27.1,1452
Pressure(in),27.11,1512
Pressure(in),27.12,1609
Pressure(in),27.13,1565
Pressure(in),27.14,1796
Pressure(in),27.15,2924
Pressure(in),27.16,1714
Pressure(in),27.17,1640
Pressure(in),27.18,1770
Pressure(in),27.19,1727
Pressure(in),27.2,1638
Pressure(in),27.21,1632
Pressure(in),27.22,1694
Pressure(in),27.23,1623
Pressure(in),27.24,2486
Pressure(in),27.25,1775
Pressure(in),27.26,1551
Pressure(in),27.27,1491
Pressure(in),27.28,1717
Pressure(in),27.29,1574
Pressure(in),27.3,1332
Pressure(in),27.31,1361
Pressure(in),27.32,1225
Pressure(in),27.33,1360
Pressure(in),27.34,1638
Pressure(in),27.35,1709
Pressure(in),27.36,1173
Pressure(in),27.37,1242
Pressure(in),27.38,1134
Pressure(in),27.39,1102
Pressure(in),27.4,1015
Pressure(in),27.41,1089
Pressure(in),27.42,1078
Pressure(in),27.43,1016
Pressure(in),27.44,1070
Pressure(in),27.45,1249
Pressure(in),27.46,958
Pressure(in),27.47,974
Pressure(in),27.48,1122
Pressure(in),27.49,949
Pressure(in),27.5,1016
Pressure(in),27.51,889
Pressure(in),27.52,839
Pressure(in),27.53,902
Pressure(in),27.54,786
Pressure(in),27.55,947
Pressure(in),27.56,798
Pressure(in),27.57,849
Pressure(in),27.58,772
Pressure(in),27.59,762
Pressure(in),27.6,1037
Pressure(in),27.61,826
Pressure(in),27.62,748
Pressure(in),27.63,795
Pressure(in),27.64,916
Pressure(in),27.65,766
Pressure(in),27.66,753
Pressure(in),27.67,658
Pressure(in),27.68,862
Pressure(in),27.69,692
Pressure(in),27.7,880
Pressure(in),27.71,886
Pressure(in),27.72,1036
Pressure(in),27.73,969
Pressure(in),27.74,866
Pressure(in),27.75,941
Pressure(in),27.76,1180
Pressure(in),27.77,892
Pressure(in),27.78,988
Pressure(in),27.79,879
Pressure(in),27.8,959
Pressure(in),27.81,904
Pressure(in),27.82,941
Pressure(in),27.83,1086
Pressure(in),27.84,906
Pressure(in),27.85,1183
Pressure(in),27.86,1124
Pressure(in),27.87,898
Pressure(in),27.88,1193
Pressure(in),27.89,953
Pressure(in),27.9,1079
Pressure(in),27.91,892
Pressure(in),27.92,911
Pressure(in),27.93,967
Pressure(in),27.94,824
Pressure(in),27.95,746
Pressure(in),27.96,835
Pressure(in),27.97,919
Pressure(in),27.98,749
Pressure(in),27.99,882
Pressure(in),28.0,746
Pressure(in),28.01,882
Pressure(in),28.02,748
Pressure(in),28.03,872
Pressure(in),28.04,788
Pressure(in),28.05,809
Pressure(in),28.06,766
Pressure(in),28.07,759
Pressure(in),28.08,888
Pressure(in),28.09,861
Pressure(in),28.1,890
Pressure(in),28.11,805
Pressure(in),28.12,917
Pressure(in),28.13,981
Pressure(in),28.14,937
Pressure(in),28.15,1027
Pressure(in),28.16,1188
Pressure(in),28.17,1259
Pressure(in),28.18,1210
Pressure(in),28.19,1623
Pressure(in),28.2,1566
Pressure(in),28.21,1654
Pressure(in),28.22,1616
Pressure(in),28.23,1667
Pressure(in),28.24,1945
Pressure(in),28.25,2052
Pressure(in),28.26,2204
Pressure(in),28.27,2032
Pressure(in),28.28,2105
Pressure(in),28.29,2270
Pressure(in),28.3,2365
Pressure(in),28.31,3056
Pressure(in),28.32,2608
Pressure(in),28.33,2515
Pressure(in),28.34,2610
Pressure(in),28.35,2703
Pressure(in),28.36,2902
Pressure(in),28.37,2679
Pressure(in),28.38,2868
Pressure(in),28.39,2940
Pressure(in),28.4,3113
Pressure(in),28.41,3453
Pressure(in),28.42,3523
Pressure(in),28.43,3565
Pressure(in),28.44,3417
Pressure(in),28.45,3860
Pressure(in),28.46,4280
Pressure(in),28.47,4319
Pressure(in),28.48,4438
Pressure(in),28.49,4256
Pressure(in),28.5,4537
Pressure(in),28.51,5001
Pressure(in),28.52,4961
Pressure(in),28.53,5575
Pressure(in),28.54,5247
Pressure(in),28.55,5358
Pressure(in),28.56,5418
Pressure(in),28.57,5939
Pressure(in),28.58,6597
Pressure(in),28.59,6498
Pressure(in),28.6,6248
Pressure(in),28.61,6998
Pressure(in),28.62,7138
Pressure(in),28.63,7208
Pressure(in),28.64,7837
Pressure(in),28.65,7403
Pressure(in),28.66,7850
Pressure(in),28.67,8128
Pressure(in),28.68,8159
Pressure(in),28.69,8844
Pressure(in),28.7,8206
Pressure(in),28.71,9724
Pressure(in),28.72,8931
Pressure(in),28.73,9033
Pressure(in),28.74,9095
Pressure(in),28.75,9322
Pressure(in),28.76,10622
Pressure(in),28.77,9731
Pressure(in),28.78,10452
Pressure(in),28.79,10212
Pressure(in),28.8,11839
Pressure(in),28.81,11133
Pressure(in),28.82,11289
Pressure(in),28.83,12054
Pressure(in),28.84,12635
Pressure(in),28.85,12466
Pressure(in),28.86,12851
Pressure(in),28.87,13407
Pressure(in),28.88,15437
Pressure(in),28.89,14082
Pressure(in),28.9,15149
Pressure(in),28.91,15181
Pressure(in),28.92,15447
Pressure(in),28.93,15952
Pressure(in),28.94,16042
Pressure(in),28.95,16078
Pressure(in),28.96,16106
Pressure(in),28.97,17712
Pressure(in),28.98,18022
Pressure(in),28.99,18135
Pressure(in),29.0,18237
Pressure(in),29.01,18310
Pressure(in),29.02,19380
Pressure(in),29.03,21305
Pressure(in),29.04,20097
Pressure(in),29.05,20029
Pressure(in),29.06,21173
Pressure(in),29.07,21855
Pressure(in),29.08,22058
Pressure(in),29.09,22418
Pressure(in),29.1,21609
Pressure(in),29.11,22009
Pressure(in),29.12,22106
Pressure(in),29.13,22124
Pressure(in),29.14,23001
Pressure(in),29.15,23894
Pressure(in),29.16,23712
Pressure(in),29.17,23344
Pressure(in),29.18,23350
Pressure(in),29.19,23419
Pressure(in),29.2,24670
Pressure(in),29.21,25044
Pressure(in),29.22,25520
Pressure(in),29.23,24649
Pressure(in),29.24,24985
Pressure(in),29.25,24939
Pressure(in),29.26,25968
Pressure(in),29.27,27637
Pressure(in),29.28,26368
Pressure(in),29.29,27702
Pressure(in),29.3,26903
Pressure(in),29.31,26108
Pressure(in),29.32,27010
Pressure(in),29.33,29117
Pressure(in),29.34,27382
Pressure(in),29.35,27833
Pressure(in),29.36,27039
Pressure(in),29.37,27307
Pressure(in),29.38,26917
Pressure(in),29.39,27559
Pressure(in),29.4,27315
Pressure(in),29.41,26951
Pressure(in),29.42,27544
Pressure(in),29.43,27486
Pressure(in),29.44,26489
Pressure(in),29.45,26818
Pressure(in),29.46,27511
Pressure(in),29.47,27068
Pressure(in),29.48,26577
Pressure(in),29.49,26571
Pressure(in),29.5,26784
Pressure(in),29.51,27391
Pressure(in),29.52,26698
Pressure(in),29.53,26915
Pressure(in),29.54,27123
Pressure(in),29.55,28207
Pressure(in),29.56,27318
Pressure(in),29.57,27810
Pressure(in),29.58,28338
Pressure(in),29.59,30321
Pressure(in),29.6,31027
Pressure(in),29.61,29217
Pressure(in),29.62,31582
Pressure(in),29.63,31064
Pressure(in),29.64,31995
Pressure(in),29.65,34188
Pressure(in),29.66,33636
Pressure(in),29.67,35553
Pressure(in),29.68,37925
Pressure(in),29.69,38180
Pressure(in),29.7,40880
Pressure(in),29.71,42086
Pressure(in),29.72,43516
Pressure(in),29.73,45403
Pressure(in),29.74,46575
Pressure(in),29.75,50926
Pressure(in),29.76,51906
Pressure(in),29.77,54220
Pressure(in),29.78,60560
Pressure(in),29.79,60504
Pressure(in),29.8,62206
Pressure(in),29.81,69582
Pressure(in),29.82,69883
Pressure(in),29.83,76637
Pressure(in),29.84,77733
Pressure(in),29.85,81063
Pressure(in),29.86,91168
Pressure(in),29.87,90269
Pressure(in),29.88,99965
Pressure(in),29.89,94960
Pressure(in),29.9,99728
Pressure(in),29.91,110700
Pressure(in),29.92,104966
Pressure(in),29.93,106368
Pressure(in),29.94,119000
Pressure(in),29.95,109924
Pressure(in),29.96,123289
Pressure(in),29.97,112320
Pressure(in),29.98,108447
Pressure(in),29.99,121836
Pressure(in),30.0,109999
Pressure(in),30.01,119735
Pressure(in),30.02,106993
Pressure(in),30.03,110898
Pressure(in),30.04,113905
Pressure(in),30.05,96299
Pressure(in),30.06,107741
Pressure(in),30.07,93625
Pressure(in),30.08,90093
Pressure(in),30.09,95380
Pressure(in),30.1,81070
Pressure(in),30.11,76724
Pressure(in),30.12,79231
Pressure(in),30.13,69163
Pressure(in),30.14,71168
Pressure(in),30.15,60740
Pressure(in),30.16,57554
Pressure(in),30.17,59654
Pressure(in),30.18,50163
Pressure(in),30.19,52429
Pressure(in),30.2,42085
Pressure(in),30.21,41398
Pressure(in),30.22,41710
Pressure(in),30.23,35161
Pressure(in),30.24,32253
Pressure(in),30.25,34810
Pressure(in),30.26,28008
Pressure(in),30.27,30216
Pressure(in),30.28,23871
Pressure(in),30.29,21891
Pressure(in),30.3,23272
Pressure(in),30.31,18962
Pressure(in),30.32,20827
Pressure(in),30.33,16378
Pressure(in),30.34,15741
Pressure(in),30.35,16670
Pressure(in),30.36,13256
Pressure(in),30.37,12465
Pressure(in),30.38,12982
Pressure(in),30.39,10554
Pressure(in),30.4,11354
Pressure(in),30.41,8955
Pressure(in),30.42,9278
Pressure(in),30.43,9416
Pressure(in),30.44,6916
Pressure(in),30.45,7531
Pressure(in),30.46,5770
Pressure(in),30.47,5277
Pressure(in),30.48,5710
Pressure(in),30.49,4125
Pressure(in),30.5,3869
Pressure(in),30.51,4067
Pressure(in),30.52,3097
Pressure(in),30.53,3493
Pressure(in),30.54,2505
Pressure(in),30.55,2189
Pressure(in),30.56,2478
Pressure(in),30.57,1788
Pressure(in),30.58,2051
Pressure(in),30.59,1555
Pressure(in),30.6,1509
Pressure(in),30.61,1732
Pressure(in),30.62,1334
Pressure(in),30.63,1478
Pressure(in),30.64,1137
Pressure(in),30.65,1030
Pressure(in),30.66,1088
Pressure(in),30.67,910
Pressure(in),30.68,796
Pressure(in),30.69,832
Pressure(in),30.7,710
Pressure(in),30.71,660
Pressure(in),30.72,454
Pressure(in),30.73,457
Pressure(in),30.74,457
Pressure(in),30.75,369
Pressure(in),30.76,349
Pressure(in),30.77,298
Pressure(in),30.78,231
Pressure(in),30.79,241
Pressure(in),30.8,147
Pressure(in),30.81,176
Pressure(in),30.82,166
Pressure(in),30.83,96
Pressure(in),30.84,108
Pressure(in),30.85,37
Pressure(in),30.86,40
Pressure(in),30.87,46
Pressure(in),30.88,32
Pressure(in),30.89,52
Pressure(in),30.9,20
Pressure(in),30.91,12
Pressure(in),30.92,13
Pressure(in),30.93,9
Pressure(in),30.94,8
Pressure(in),30.95,16
Pressure(in),30.96,5
Pressure(in),30.97,1
Pressure(in),30.98,3
Pressure(in),31.0,6
Pressure(in),31.01,4
Pressure(in),31.02,3
Pressure(in),31.03,5
Pressure(in),31.05,2
Pressure(in),31.06,1
Pressure(in),31.08,4
Pressure(in),31.1,3
Pressure(in),31.12,4
Pressure(in),31.13,1
Pressure(in),31.14,2
Pressure(in),31.15,2
Pressure(in),32.87,1
Pressure(in),33.04,2
Pressure(in),38.44,37
Pressure(in),38.47,2
Pressure(in),38.69,5
Pressure(in),38.94,4
Pressure(in),39.45,8
Pressure(in),52.76,3
Pressure(in),56.31,1
Pressure(in),56.54,2
Pressure(in),57.54,2
Pressure(in),57.74,1
Pressure(in),58.03,1
Pressure(in),58.04,3
Pressure(in),58.1,4
Pressure(in),58.13,1
Pressure(in),58.32,1
Pressure(in),58.39,2
Pressure(in),58.63,9
Visibility(mi),0.0,7679
Visibility(mi),0.06,323
Visibility(mi),0.1,1287
Visibility(mi),0.12,1775
Visibility(mi),0.19,41
Visibility(mi),0.2,12105
Visibility(mi),0.25,27344
Visibility(mi),0.31,4
Visibility(mi),0.38,337
Visibility(mi),0.4,98
Visibility(mi),0.5,35996
Visibility(mi),0.6,72
Visibility(mi),0.63,247
Visibility(mi),0.7,15
Visibility(mi),0.75,21260
Visibility(mi),0.8,8323
Visibility(mi),0.88,170
Visibility(mi),0.9,48
Visibility(mi),0.99,7
Visibility(mi),1.0,102557
Visibility(mi),1.1,55
Visibility(mi),1.2,6493
Visibility(mi),1.4,35
Visibility(mi),1.5,11339
Visibility(mi),1.6,31
Visibility(mi),1.8,8410
Visibility(mi),1.9,44
Visibility(mi),2.0,121785
Visibility(mi),2.1,2
Visibility(mi),2.2,114
Visibility(mi),2.5,18493
Visibility(mi),2.8,129
Visibility(mi),3.0,117493
Visibility(mi),3.2,1
Visibility(mi),3.5,29
Visibility(mi),3.7,2
Visibility(mi),4.0,119770
Visibility(mi),4.2,10
Visibility(mi),4.5,1
Visibility(mi),5.0,144153
Visibility(mi),5.5,24
Visibility(mi),6.0,126586
Visibility(mi),6.2,2
Visibility(mi),7.0,217027
Visibility(mi),8.0,149975
Visibility(mi),9.0,188529
Visibility(mi),10.0,6070231
Visibility(mi),10.5,26
Visibility(mi),11.0,148
Visibility(mi),12.0,370
Visibility(mi),13.0,9293
Visibility(mi),14.0,8
Visibility(mi),15.0,6280
Visibility(mi),16.0,3
Visibility(mi),19.0,4
Visibility(mi),20.0,4666
Visibility(mi),22.0,4
Visibility(mi),23.0,7
Visibility(mi),25.0,802
Visibility(mi),30.0,3297
Visibility(mi),34.0,2
Visibility(mi),35.0,190
Visibility(mi),36.0,2
Visibility(mi),40.0,2072
Visibility(mi),42.0,2
Visibility(mi),43.0,1
Visibility(mi),45.0,358
Visibility(mi),46.0,1
Visibility(mi),47.0,2
Visibility(mi),50.0,2278
Visibility(mi),54.0,1
Visibility(mi),58.0,1
Visibility(mi),60.0,216
Visibility(mi),63.0,1
Visibility(mi),65.0,4
Visibility(mi),67.0,1
Visibility(mi),70.0,303
Visibility(mi),72.0,1
Visibility(mi),75.0,120
Visibility(mi),76.0,3
Visibility(mi),78.0,1
Visibility(mi),80.0,301
Visibility(mi),90.0,13
Visibility(mi),98.0,1
Visibility(mi),100.0,47
Visibility(mi),101.0,1
Visibility(mi),105.0,1
Visibility(mi),110.0,1
Visibility(mi),111.0,3
Visibility(mi),120.0,5
Visibility(mi),130.0,1
Visibility(mi),140.0,3
Wind_Speed(mph),0.0,961643
Wind_Speed(mph),1.0,195
Wind_Speed(mph),1.2,445
Wind_Speed(mph),2.0,451
Wind_Speed(mph),2.3,906
Wind_Speed(mph),3.0,514123
Wind_Speed(mph),3.5,203579
Wind_Speed(mph),4.6,217615
Wind_Speed(mph),5.0,534875
Wind_Speed(mph),5.8,216150
Wind_Speed(mph),6.0,517199
Wind_Speed(mph),6.9,201425
Wind_Speed(mph),7.0,480904
Wind_Speed(mph),8.0,432522
Wind_Speed(mph),8.1,181496
Wind_Speed(mph),9.0,389161
Wind_Speed(mph),9.2,161688
Wind_Speed(mph),10.0,324080
Wind_Speed(mph),10.4,133179
Wind_Speed(mph),11.5,118344
Wind_Speed(mph),12.0,280269
Wind_Speed(mph),12.7,87490
Wind_Speed(mph),13.0,216956
Wind_Speed(mph),13.8,71480
Wind_Speed(mph),14.0,177264
Wind_Speed(mph),15.0,188577
Wind_Speed(mph),16.0,103502
Wind_Speed(mph),16.1,40740
Wind_Speed(mph),17.0,77959
Wind_Speed(mph),17.3,31796
Wind_Speed(mph),18.0,57711
Wind_Speed(mph),18.4,22834
Wind_Speed(mph),19.6,16850
Wind_Speed(mph),20.0,41372
Wind_Speed(mph),20.7,12352
Wind_Speed(mph),21.0,30355
Wind_Speed(mph),21.9,8563
Wind_Speed(mph),22.0,21764
Wind_Speed(mph),23.0,22685
Wind_Speed(mph),24.0,11491
Wind_Speed(mph),24.2,4405
Wind_Speed(mph),25.0,7866
Wind_Speed(mph),25.3,2963
Wind_Speed(mph),26.0,5938
Wind_Speed(mph),26.5,2201
Wind_Speed(mph),27.6,1607
Wind_Speed(mph),28.0,4014
Wind_Speed(mph),28.8,1118
Wind_Speed(mph),29.0,3149
Wind_Speed(mph),29.9,752
Wind_Speed(mph),30.0,2233
Wind_Speed(mph),31.0,1670
Wind_Speed(mph),31.1,496
Wind_Speed(mph),32.0,1210
Wind_Speed(mph),32.2,373
Wind_Speed(mph),33.0,897
Wind_Speed(mph),33.4,302
Wind_Speed(mph),34.5,217
Wind_Speed(mph),35.0,728
Wind_Speed(mph),35.7,139
Wind_Speed(mph),36.0,517
Wind_Speed(mph),36.8,119
Wind_Speed(mph),37.0,434
Wind_Speed(mph),38.0,399
Wind_Speed(mph),39.0,201
Wind_Speed(mph),39.1,63
Wind_Speed(mph),40.0,178
Wind_Speed(mph),40.3,48
Wind_Speed(mph),41.0,133
Wind_Speed(mph),41.4,27
Wind_Speed(mph),42.6,23
Wind_Speed(mph),43.0,88
Wind_Speed(mph),43.7,10
Wind_Speed(mph),44.0,86
Wind_Speed(mph),44.9,15
Wind_Speed(mph),45.0,47
Wind_Speed(mph),46.0,78
Wind_Speed(mph),47.0,24
Wind_Speed(mph),47.2,6
Wind_Speed(mph),48.0,27
Wind_Speed(mph),48.3,3
Wind_Speed(mph),49.0,20
Wind_Speed(mph),49.5,5
Wind_Speed(mph),50.6,3
Wind_Speed(mph),51.0,20
Wind_Speed(mph),51.8,2
Wind_Speed(mph),52.0,16
Wind_Speed(mph),53.0,12
Wind_Speed(mph),54.0,11
Wind_Speed(mph),54.1,8
Wind_Speed(mph),55.0,8
Wind_Speed(mph),57.5,9
Wind_Speed(mph),58.0,10
Wind_Speed(mph),58.7,1
Wind_Speed(mph),59.0,3
Wind_Speed(mph),59.8,1
Wind_Speed(mph),60.0,2
Wind_Speed(mph),61.0,7
Wind_Speed(mph),62.1,1
Wind_Speed(mph),64.0,5
Wind_Speed(mph),66.0,2
Wind_Speed(mph),66.7,2
Wind_Speed(mph),67.0,12
Wind_Speed(mph),68.0,1
Wind_Speed(mph),69.0,2
Wind_Speed(mph),70.0,2
Wind_Speed(mph),73.6,3
Wind_Speed(mph),75.0,6
Wind_Speed(mph),76.0,1
Wind_Speed(mph),77.0,9
Wind_Speed(mph),77.1,1
Wind_Speed(mph),79.0,1
Wind_Speed(mph),79.4,2
Wind_Speed(mph),81.0,9
Wind_Speed(mph),81.7,1
Wind_Speed(mph),82.0,9
Wind_Speed(mph),85.2,1
Wind_Speed(mph),93.0,11
Wind_Speed(mph),97.8,1
Wind_Speed(mph),98.0,6
Wind_Speed(mph),99.0,1
Wind_Speed(mph),100.0,1
Wind_Speed(mph),100.1,4
Wind_Speed(mph),105.0,4
Wind_Speed(mph),107.0,1
Wind_Speed(mph),110.0,5
Wind_Speed(mph),110.5,1
Wind_Speed(mph),113.0,2
Wind_Speed(mph),114.0,1
Wind_Speed(mph),116.0,3
Wind_Speed(mph),116.2,2
Wind_Speed(mph),117.0,3
Wind_Speed(mph),119.0,3
Wind_Speed(mph),119.7,2
Wind_Speed(mph),121.0,1
Wind_Speed(mph),122.0,2
Wind_Speed(mph),123.1,2
Wind_Speed(mph),124.3,3
Wind_Speed(mph),125.0,1
Wind_Speed(mph),125.4,1
Wind_Speed(mph),126.6,6
Wind_Speed(mph),127.0,7
Wind_Speed(mph),127.7,1
Wind_Speed(mph),128.0,2
Wind_Speed(mph),128.9,1
Wind_Speed(mph),129.0,3
Wind_Speed(mph),130.0,6
Wind_Speed(mph),131.0,9
Wind_Speed(mph),132.0,2
Wind_Speed(mph),135.8,1
Wind_Speed(mph),139.0,2
Wind_Speed(mph),141.5,1
Wind_Speed(mph),142.0,3
Wind_Speed(mph),142.7,1
Wind_Speed(mph),145.0,2
Wind_Speed(mph),157.0,1
Wind_Speed(mph),161.0,2
Wind_Speed(mph),162.3,2
Wind_Speed(mph),166.9,1
Wind_Speed(mph),169.0,2
Wind_Speed(mph),174.9,2
Wind_Speed(mph),175.0,3
Wind_Speed(mph),185.0,2
Wind_Speed(mph),188.0,1
Wind_Speed(mph),190.0,1
Wind_Speed(mph),208.3,1
Wind_Speed(mph),211.0,1
Wind_Speed(mph),214.0,2
Wind_Speed(mph),230.0,4
Wind_Speed(mph),232.0,1
Wind_Speed(mph),241.7,1
Wind_Speed(mph),243.0,2
Wind_Speed(mph),245.1,1
Wind_Speed(mph),254.3,2
Wind_Speed(mph),255.0,1
Wind_Speed(mph),328.0,1
Wind_Speed(mph),471.8,1
Wind_Speed(mph),518.0,2
Wind_Speed(mph),580.0,2
Wind_Speed(mph),703.1,2
Wind_Speed(mph),812.0,1
Wind_Speed(mph),822.8,7
Wind_Speed(mph),984.0,1
Wind_Speed(mph),1087.0,1
Precipitation(in),0.0,4991718
Precipitation(in),0.01,151010
Precipitation(in),0.02,74008
Precipitation(in),0.03,50055
Precipitation(in),0.04,37300
Precipitation(in),0.05,29167
Precipitation(in),0.06,23958
Precipitation(in),0.07,19353
Precipitation(in),0.08,16138
Precipitation(in),0.09,14307
Precipitation(in),0.1,11916
Precipitation(in),0.11,10166
Precipitation(in),0.12,8805
Precipitation(in),0.13,7847
Precipitation(in),0.14,6775
Precipitation(in),0.15,5841
Precipitation(in),0.16,5169
Precipitation(in),0.17,4746
Precipitation(in),0.18,4222
Precipitation(in),0.19,3702
Precipitation(in),0.2,3348
Precipitation(in),0.21,2980
Precipitation(in),0.22,2654
Precipitation(in),0.23,2581
Precipitation(in),0.24,2510
Precipitation(in),0.25,1985
Precipitation(in),0.26,1949
Precipitation(in),0.27,1731
Precipitation(in),0.28,1693
Precipitation(in),0.29,1305
Precipitation(in),0.3,1355
Precipitation(in),0.31,1295
Precipitation(in),0.32,1310
Precipitation(in),0.33,951
Precipitation(in),0.34,979
Precipitation(in),0.35,1016
Precipitation(in),0.36,985
Precipitation(in),0.37,796
Precipitation(in),0.38,820
Precipitation(in),0.39,778
Precipitation(in),0.4,656
Precipitation(in),0.41,590
Precipitation(in),0.42,563
Precipitation(in),0.43,457
Precipitation(in),0.44,545
Precipitation(in),0.45,498
Precipitation(in),0.46,444
Precipitation(in),0.47,469
Precipitation(in),0.48,425
Precipitation(in),0.49,382
Precipitation(in),0.5,386
Precipitation(in),0.51,397
Precipitation(in),0.52,446
Precipitation(in),0.53,331
Precipitation(in),0.54,318
Precipitation(in),0.55,330
Precipitation(in),0.56,310
Precipitation(in),0.57,249
Precipitation(in),0.58,245
Precipitation(in),0.59,228
Precipitation(in),0.6,227
Precipitation(in),0.61,246
Precipitation(in),0.62,209
Precipitation(in),0.63,192
Precipitation(in),0.64,196
Precipitation(in),0.65,193
Precipitation(in),0.66,161
Precipitation(in),0.67,175
Precipitation(in),0.68,156
Precipitation(in),0.69,123
Precipitation(in),0.7,161
Precipitation(in),0.71,173
Precipitation(in),0.72,134
Precipitation(in),0.73,112
Precipitation(in),0.74,113
Precipitation(in),0.75,131
Precipitation(in),0.76,182
Precipitation(in),0.77,126
Precipitation(in),0.78,61
Precipitation(in),0.79,102
Precipitation(in),0.8,209
Precipitation(in),0.81,108
Precipitation(in),0.82,103
Precipitation(in),0.83,101
Precipitation(in),0.84,63
Precipitation(in),0.85,124
Precipitation(in),0.86,84
Precipitation(in),0.87,54
Precipitation(in),0.88,87
Precipitation(in),0.89,105
Precipitation(in),0.9,75
Precipitation(in),0.91,82
Precipitation(in),0.92,79
Precipitation(in),0.93,62
Precipitation(in),0.94,57
Precipitation(in),0.95,35
Precipitation(in),0.96,66
Precipitation(in),0.97,123
Precipitation(in),0.98,64
Precipitation(in),0.99,58
Precipitation(in),1.0,46
Precipitation(in),1.01,59
Precipitation(in),1.02,30
Precipitation(in),1.03,42
Precipitation(in),1.04,41
Precipitation(in),1.05,37
Precipitation(in),1.06,63
Precipitation(in),1.07,53
Precipitation(in),1.08,50
Precipitation(in),1.09,42
Precipitation(in),1.1,39
Precipitation(in),1.11,29
Precipitation(in),1.12,39
Precipitation(in),1.13,34
Precipitation(in),1.14,23
Precipitation(in),1.15,24
Precipitation(in),1.16,40
Precipitation(in),1.17,37
Precipitation(in),1.18,29
Precipitation(in),1.19,28
Precipitation(in),1.2,26
Precipitation(in),1.21,27
Precipitation(in),1.22,31
Precipitation(in),1.23,20
Precipitation(in),1.24,22
Precipitation(in),1.25,27
Precipitation(in),1.26,18
Precipitation(in),1.27,23
Precipitation(in),1.28,16
Precipitation(in),1.29,34
Precipitation(in),1.3,18
Precipitation(in),1.31,20
Precipitation(in),1.32,29
Precipitation(in),1.33,10
Precipitation(in),1.34,20
Precipitation(in),1.35,20
Precipitation(in),1.36,27
Precipitation(in),1.37,42
Precipitation(in),1.38,19
Precipitation(in),1.39,15
Precipitation(in),1.4,26
Precipitation(in),1.41,20
Precipitation(in),1.42,11
Precipitation(in),1.43,13
Precipitation(in),1.44,6
Precipitation(in),1.45,17
Precipitation(in),1.46,28
Precipitation(in),1.47,14
Precipitation(in),1.48,9
Precipitation(in),1.49,10
Precipitation(in),1.5,5
Precipitation(in),1.51,5
Precipitation(in),1.52,12
Precipitation(in),1.53,15
Precipitation(in),1.54,12
Precipitation(in),1.55,14
Precipitation(in),1.56,8
Precipitation(in),1.57,14
Precipitation(in),1.58,8
Precipitation(in),1.59,4
Precipitation(in),1.6,10
Precipitation(in),1.61,4
Precipitation(in),1.62,13
Precipitation(in),1.63,5
Precipitation(in),1.64,3
Precipitation(in),1.65,7
Precipitation(in),1.66,1
Precipitation(in),1.67,13
Precipitation(in),1.68,18
Precipitation(in),1.69,7
Precipitation(in),1.7,8
Precipitation(in),1.71,9
Precipitation(in),1.72,10
Precipitation(in),1.73,5
Precipitation(in),1.75,10
Precipitation(in),1.76,3
Precipitation(in),1.77,4
Precipitation(in),1.78,1
Precipitation(in),1.79,6
Precipitation(in),1.8,9
Precipitation(in),1.81,4
Precipitation(in),1.82,20
Precipitation(in),1.83,6
Precipitation(in),1.84,3
Precipitation(in),1.85,3
Precipitation(in),1.86,10
Precipitation(in),1.87,3
Precipitation(in),1.88,2
Precipitation(in),1.89,4
Precipitation(in),1.9,2
Precipitation(in),1.91,1
Precipitation(in),1.92,7
Precipitation(in),1.93,2
Precipitation(in),1.95,29
Precipitation(in),1.96,3
Precipitation(in),1.97,2
Precipitation(in),1.98,1
Precipitation(in),1.99,5
Precipitation(in),2.01,31
Precipitation(in),2.02,1
Precipitation(in),2.03,3
Precipitation(in),2.04,4
Precipitation(in),2.05,8
Precipitation(in),2.07,1
Precipitation(in),2.08,1
Precipitation(in),2.09,1
Precipitation(in),2.1,1
Precipitation(in),2.11,2
Precipitation(in),2.13,1
Precipitation(in),2.14,2
Precipitation(in),2.16,2
Precipitation(in),2.18,1
Precipitation(in),2.2,1
Precipitation(in),2.23,3
Precipitation(in),2.26,4
Precipitation(in),2.27,1
Precipitation(in),2.28,1
Precipitation(in),2.3,5
Precipitation(in),2.31,7
Precipitation(in),2.34,2
Precipitation(in),2.36,1
Precipitation(in),2.38,1
Precipitation(in),2.39,1
Precipitation(in),2.4,2
Precipitation(in),2.42,1
Precipitation(in),2.43,1
Precipitation(in),2.44,2
Precipitation(in),2.47,3
Precipitation(in),2.53,1
Precipitation(in),2.54,1
Precipitation(in),2.55,2
Precipitation(in),2.57,6
Precipitation(in),2.61,1
Precipitation(in),2.62,1
Precipitation(in),2.64,1
Precipitation(in),2.69,1
Precipitation(in),2.73,1
Precipitation(in),2.74,1
Precipitation(in),2.75,2
Precipitation(in),2.8,6
Precipitation(in),2.81,1
Precipitation(in),2.82,3
Precipitation(in),2.85,1
Precipitation(in),2.87,1
Precipitation(in),2.94,1
Precipitation(in),2.96,1
Precipitation(in),3.0,4
Precipitation(in),3.09,1
Precipitation(in),3.13,1
Precipitation(in),3.19,3
Precipitation(in),3.26,1
Precipitation(in),3.35,2
Precipitation(in),3.42,1
Precipitation(in),3.87,1
Precipitation(in),4.09,1
Precipitation(in),4.89,1
Precipitation(in),5.06,1
Precipitation(in),5.13,1
Precipitation(in),8.8,1
Precipitation(in),9.17,1
Precipitation(in),9.33,2
Precipitation(in),9.64,3
Precipitation(in),9.65,2
Precipitation(in),9.75,1
Precipitation(in),9.79,5
Precipitation(in),9.83,1
Precipitation(in),9.84,4
Precipitation(in),9.85,3
Precipitation(in),9.86,1
Precipitation(in),9.88,3
Precipitation(in),9.9,7
Precipitation(in),9.91,4
Precipitation(in),9.92,7
Precipitation(in),9.93,18
Precipitation(in),9.94,12
Precipitation(in),9.95,17
Precipitation(in),9.96,49
Precipitation(in),9.97,39
Precipitation(in),9.98,40
Precipitation(in),9.99,175
Precipitation(in),10.0,50
Precipitation(in),10.01,17
Precipitation(in),10.02,11
Precipitation(in),10.04,6
Precipitation(in),10.05,4
Precipitation(in),10.06,1
Precipitation(in),10.09,2
Precipitation(in),10.1,1
Precipitation(in),10.11,2
Precipitation(in),10.13,2
Precipitation(in),10.14,2
Precipitation(in),10.16,1
Precipitation(in),10.18,1
Precipitation(in),10.4,2
Precipitation(in),10.8,1
Precipitation(in),23.97,1
Precipitation(in),24.0,4
Precipitation(in),25.0,1
Precipitation(in),36.47,1
Wind_Direction,CALM,961624
Wind_Direction,Calm,368557
Wind_Direction,E,278914
Wind_Direction,ENE,258474
Wind_Direction,ESE,268311
Wind_Direction,East,103545
Wind_Direction,N,307151
Wind_Direction,NE,258639
Wind_Direction,NNE,255311
Wind_Direction,NNW,333427
Wind_Direction,NW,369352
Wind_Direction,North,153385
Wind_Direction,S,419989
Wind_Direction,SE,294901
Wind_Direction,SSE,349110
Wind_Direction,SSW,384840
Wind_Direction,SW,364470
Wind_Direction,South,177375
Wind_Direction,VAR,250566
Wind_Direction,Variable,113996
Wind_Direction,W,383913
Wind_Direction,WNW,378781
Wind_Direction,WSW,353806
Wind_Direction,West,164751
Weather_Condition,Blowing Dust,189
Weather_Condition,Blowing Dust / Windy,266
Weather_Condition,Blowing Sand,2
Weather_Condition,Blowing Snow,740
Weather_Condition,Blowing Snow / Windy,925
Weather_Condition,Blowing Snow Nearby,1
Weather_Condition,Clear,808743
Weather_Condition,Cloudy,817082
Weather_Condition,Cloudy / Windy,17035
Weather_Condition,Drifting Snow,1
Weather_Condition,Drifting Snow / Windy,6
Weather_Condition,Drizzle,4726
Weather_Condition,Drizzle / Windy,23
Weather_Condition,Drizzle and Fog,393
Weather_Condition,Dust Whirls,1
Weather_Condition,Duststorm,3
Weather_Condition,Fair,2560802
Weather_Condition,Fair / Windy,35671
Weather_Condition,Fog,99238
Weather_Condition,Fog / Windy,743
Weather_Condition,Freezing Drizzle,30
Weather_Condition,Freezing Rain,197
Weather_Condition,Freezing Rain / Windy,18
Weather_Condition,Funnel Cloud,22
Weather_Condition,Hail,39
Weather_Condition,Haze,76223
Weather_Condition,Haze / Windy,1595
Weather_Condition,Heavy Blowing Snow,4
Weather_Condition,Heavy Drizzle,452
Weather_Condition,Heavy Freezing Drizzle,5
Weather_Condition,Heavy Freezing Rain,11
Weather_Condition,Heavy Freezing Rain / Windy,1
Weather_Condition,Heavy Ice Pellets,4
Weather_Condition,Heavy Rain,32309
Weather_Condition,Heavy Rain / Windy,1523
Weather_Condition,Heavy Rain Shower,3
Weather_Condition,Heavy Rain Shower / Windy,1
Weather_Condition,Heavy Rain Showers,7
Weather_Condition,Heavy Sleet,33
Weather_Condition,Heavy Sleet / Windy,1
Weather_Condition,Heavy Sleet and Thunder,2
Weather_Condition,Heavy Smoke,1
Weather_Condition,Heavy Snow,5003
Weather_Condition,Heavy Snow / Windy,902
Weather_Condition,Heavy Snow with Thunder,8
Weather_Condition,Heavy T-Storm,9671
Weather_Condition,Heavy T-Storm / Windy,1096
Weather_Condition,Heavy Thunderstorms and Rain,2485
Weather_Condition,Heavy Thunderstorms and Snow,5
Weather_Condition,Heavy Thunderstorms with Small Hail,7
Weather_Condition,Ice Pellets,101
Weather_Condition,Light Blowing Snow,3
Weather_Condition,Light Drizzle,22684
Weather_Condition,Light Drizzle / Windy,239
Weather_Condition,Light Fog,4
Weather_Condition,Light Freezing Drizzle,1240
Weather_Condition,Light Freezing Fog,1001
Weather_Condition,Light Freezing Rain,3465
Weather_Condition,Light Freezing Rain / Windy,81
Weather_Condition,Light Hail,3
Weather_Condition,Light Haze,10
Weather_Condition,Light Ice Pellets,262
Weather_Condition,Light Rain,352957
Weather_Condition,Light Rain / Windy,7946
Weather_Condition,Light Rain Shower,259
Weather_Condition,Light Rain Shower / Windy,16
Weather_Condition,Light Rain Showers,157
Weather_Condition,Light Rain with Thunder,13597
Weather_Condition,Light Sleet,256
Weather_Condition,Light Sleet / Windy,15
Weather_Condition,Light Snow,128680
Weather_Condition,Light Snow / Windy,6826
Weather_Condition,Light Snow Grains,6
Weather_Condition,Light Snow Shower,44
Weather_Condition,Light Snow Shower / Windy,5
Weather_Condition,Light Snow Showers,24
Weather_Condition,Light Snow and Sleet,204
Weather_Condition,Light Snow and Sleet / Windy,45
Weather_Condition,Light Snow with Thunder,38
Weather_Condition,Light Thunderstorm,3
Weather_Condition,Light Thunderstorms and Rain,4931
Weather_Condition,Light Thunderstorms and Snow,22
Weather_Condition,Low Drifting Snow,5
Weather_Condition,Mist,3539
Weather_Condition,Mist / Windy,15
Weather_Condition,Mostly Cloudy,1016195
Weather_Condition,Mostly Cloudy / Windy,16508
Weather_Condition,N/A Precipitation,3252
Weather_Condition,Overcast,382866
Weather_Condition,Partial Fog,40
Weather_Condition,Partial Fog / Windy,1
Weather_Condition,Partly Cloudy,698972
Weather_Condition,Partly Cloudy / Windy,10241
Weather_Condition,Patches of Fog,4144
Weather_Condition,Patches of Fog / Windy,7
Weather_Condition,Rain,84331
Weather_Condition,Rain / Windy,2372
Weather_Condition,Rain Shower,59
Weather_Condition,Rain Shower / Windy,3
Weather_Condition,Rain Showers,123
Weather_Condition,Rain and Sleet,2
Weather_Condition,Sand,19
Weather_Condition,Sand / Dust Whirls Nearby,6
Weather_Condition,Sand / Dust Whirlwinds,51
Weather_Condition,Sand / Dust Whirlwinds / Windy,4
Weather_Condition,Sand / Windy,1
Weather_Condition,Scattered Clouds,204829
Weather_Condition,Shallow Fog,3068
Weather_Condition,Shallow Fog / Windy,7
Weather_Condition,Showers in the Vicinity,1514
Weather_Condition,Sleet,147
Weather_Condition,Sleet / Windy,25
Weather_Condition,Sleet and Thunder,4
Weather_Condition,Small Hail,75
Weather_Condition,Smoke,12668
Weather_Condition,Smoke / Windy,95
Weather_Condition,Snow,15537
Weather_Condition,Snow / Windy,1285
Weather_Condition,Snow Grains,9
Weather_Condition,Snow Showers,2
Weather_Condition,Snow and Sleet,350
Weather_Condition,Snow and Sleet / Windy,96
Weather_Condition,Snow and Thunder,21
Weather_Condition,Snow and Thunder / Windy,2
Weather_Condition,Squalls,35
Weather_Condition,Squalls / Windy,47
Weather_Condition,T-Storm,16810
Weather_Condition,T-Storm / Windy,813
Weather_Condition,Thunder,14202
Weather_Condition,Thunder / Windy,562
Weather_Condition,Thunder / Wintry Mix,29
Weather_Condition,Thunder / Wintry Mix / Windy,10
Weather_Condition,Thunder and Hail,14
Weather_Condition,Thunder and Hail / Windy,2
Weather_Condition,Thunder in the Vicinity,17611
Weather_Condition,Thunderstorm,4438
Weather_Condition,Thunderstorms and Rain,2217
Weather_Condition,Thunderstorms and Snow,3
Weather_Condition,Tornado,19
Weather_Condition,Volcanic Ash,22
Weather_Condition,Widespread Dust,181
Weather_Condition,Widespread Dust / Windy,24
Weather_Condition,Wintry Mix,11703
Weather_Condition,Wintry Mix / Windy,331
